Date;Equal Weights;Markowitz;Risk Parity;Goal-Based Investing;Benchmark (IBOVESPA)
2020-12-16;100000,0;100000,0;100000,0;100000,0;100000,0
2020-12-17;100222,68052401775;100222,68052401775;100222,68052401775;100231,66247161597;100178,04607154062
2020-12-18;100054,22773019892;100054,22773019892;100054,22773019892;100103,46868603268;99772,77929917676
2020-12-21;99395,82100789771;99395,82100789771;99395,82100789771;99542,81110537115;98362,82398026233
2020-12-22;99660,3453981648;99660,3453981648;99660,3453981648;99794,6575630733;98644,30634098366
2020-12-23;100653,20229272188;100653,20229272188;100653,20229272188;100763,84414449282;99923,69454076831
2020-12-28;101770,2246738292;101770,2246738292;101770,2246738292;101823,50861529514;100936,01363324205
2020-12-29;101844,6783926279;101844,6783926279;101844,6783926279;101886,46686979324;101295,4971300669
2020-12-30;101904,28469738209;101904,28469738209;101904,28469738209;101935,58104379648;101152,21243439849
2021-01-04;102543,86896040502;102543,86896040502;102543,86896040502;102776,0997598557;100518,02928433957
2021-01-05;102888,76369298034;102888,76369298034;102888,76369298034;103088,06907805322;101081,84184421816
2021-01-06;102775,12518894271;102775,12518894271;102775,12518894271;102959,13010293558;101614,28438196816
2021-01-07;104427,29933298501;104427,29933298501;104427,29933298501;104461,2123351209;103398,98428955376
2021-01-08;104930,90915324936;104930,90915324936;104930,90915324936;104783,66575040299;106045,08804802156
2021-01-11;104831,03503909778;104831,03503909778;104831,03503909778;104716,45013835242;104120,49479851118
2021-01-12;104473,87291748432;104473,87291748432;104473,87291748432;104290,62527390121;105130,2703756772
2021-01-13;103485,5332918324;103485,5332918324;103485,5332918324;103321,86135330528;103470,20271817
2021-01-14;103683,09532731454;103683,09532731454;103683,09532731454;103427,4922455851;104691,93790431293
2021-01-15;102760,32785298477;102760,32785298477;102760,32785298477;102666,09546119759;102166,22720374403
2021-01-18;102947,46684629713;102947,46684629713;102947,46684629713;102837,12029214387;102793,6276463157
2021-01-19;103074,40080373806;103074,40080373806;103074,40080373806;102949,49980692622;102311,20757628424
2021-01-20;103000,73218241443;103000,73218241443;103000,73218241443;102939,90047120457;101493,04348563334
2021-01-21;102729,61339185313;102729,61339185313;102729,61339185313;102735,96953755882;100420,52786421016
2021-01-22;102781,39914854048;102781,39914854048;102781,39914854048;102828,92262339045;99342,92521217153
2021-01-26;101572,8251882929;101572,8251882929;101572,8251882929;101656,27363269677;98742,65559954892
2021-01-27;100872,54038098543;100872,54038098543;100872,54038098543;101019,31916320212;98249,21362985065
2021-01-28;102971,17699037325;102971,17699037325;102971,17699037325;102928,1031765796;101158,99514188574
2021-01-29;101399,78127467266;101399,78127467266;101399,78127467266;101631,38600408616;98355,19343433912
2021-02-01;103062,60232835451;103062,60232835451;103062,60232835451;103207,12567404385;99506,55803030169
2021-02-02;103082,81264117078;103082,81264117078;103082,81264117078;103091,62500341033;100243,32963110544
2021-02-03;103685,60627889063;103685,60627889063;103685,60627889063;103596,03245882173;101507,45673904376
2021-02-04;103589,98233240905;103589,98233240905;103589,98233240905;103465,44249389993;101114,0597047826
2021-02-05;103973,75084104227;103973,75084104227;103973,75084104227;103818,84227249875;101677,02442622528
2021-02-08;103911,69217914953;103911,69217914953;103911,69217914953;103768,33110350152;101330,25850593904
2021-02-09;103960,6950138787;103960,6950138787;103960,6950138787;103841,7395099081;101256,49656201508
2021-02-10;103484,89780077177;103484,89780077177;103484,89780077177;103454,0430140633;100409,50596454332
2021-02-11;103570,12785359246;103570,12785359246;103570,12785359246;103478,84520285961;101092,01590544898
2021-02-12;103595,68018549986;103595,68018549986;103595,68018549986;103441,61860900062;100991,12313157597
2021-02-17;103943,21560736884;103943,21560736884;103943,21560736884;103719,61260193847;102072,11713735825
2021-02-18;103462,08770840458;103462,08770840458;103462,08770840458;103281,8952420379;101011,47125403778
2021-02-19;103076,97673024572;103076,97673024572;103076,97673024572;102911,26299989203;100679,11858716198
2021-02-22;101320,31328447023;101320,31328447023;101320,31328447023;101424,7467811809;95524,26089684345
2021-02-23;101836,29135995277;101836,29135995277;101836,29135995277;101808,17765127255;97693,87945433114
2021-02-24;102223,7170247226;102223,7170247226;102223,7170247226;102114,38027549347;98067,77620456643
2021-02-25;100537,45457829603;100537,45457829603;100537,45457829603;100626,98791373648;95174,95146124951
2021-02-26;99455,2798030466;99455,2798030466;99455,2798030466;99564,39302343111;93291,90229509861
2021-03-01;100070,85395671587;100070,85395671587;100070,85395671587;100071,69248905116;93546,25382587091
2021-03-02;100805,22080192919;100805,22080192919;100805,22080192919;100820,01482803187;94567,89914113963
2021-03-03;99824,06960608298;99824,06960608298;99824,06960608298;99822,5749649309;94266,06865795651
2021-03-04;100374,6549950617;100374,6549950617;100374,6549950617;100376,02324981062;95542,91334243343
2021-03-05;102413,00924601658;102413,00924601658;102413,00924601658;102275,18735251474;97672,68349343345
2021-03-08;100391,38836901273;100391,38836901273;100391,38836901273;100509,29591153783;93781,10507261733
2021-03-09;101188,51390378874;101188,51390378874;101188,51390378874;101265,87697808836;94390,70090803492
2021-03-10;101317,97112011712;101317,97112011712;101317,97112011712;101304,20078952295;95615,82744792149
2021-03-11;102003,72746621937;102003,72746621937;102003,72746621937;101860,31541518665;97487,85471440559
2021-03-12;101743,74700096124;101743,74700096124;101743,74700096124;101611,47606573666;96789,23584321768
2021-03-15;102843,72429239188;102843,72429239188;102843,72429239188;102681,61708086327;97375,09220242986
2021-03-16;102295,56950348006;102295,56950348006;102295,56950348006;102176,6620322824;96669,6906237547
2021-03-17;103515,18062816754;103515,18062816754;103515,18062816754;103315,95901750267;98814,72186660107
2021-03-18;101975,94452014015;101975,94452014015;101975,94452014015;101853,52501524838;97361,52678745535
2021-03-19;102151,67846910242;102151,67846910242;102151,67846910242;101946,39850332643;98537,47869805928
2021-03-22;101985,30678209923;101985,30678209923;101985,30678209923;101794,83541448976;97483,61552222606
2021-03-23;100826,19072232823;100826,19072232823;100826,19072232823;100676,3913028072;96027,87692777262
2021-03-24;100844,8366775425;100844,8366775425;100844,8366775425;100806,96642924863;95012,16648155526
2021-03-25;101832,72145838162;101832,72145838162;101832,72145838162;101704,6769309824;96441,62208449555
2021-03-26;103128,59202919826;103128,59202919826;103128,59202919826;102996,22333689989;97315,74351191636
2021-03-29;103078,3721854916;103078,3721854916;103078,3721854916;102886,44810571377;97856,66443402541
2021-03-30;103861,2792032692;103861,2792032692;103861,2792032692;103548,1269833681;99069,92123580928
2021-03-31;103426,86165400261;102262,91322207756;103426,86165400261;102555,27164892749;98886,78813365323
2021-04-01;103492,41008635674;104456,15944929919;103492,41008635674;104402,9838684535;97715,92325366476
2021-04-05;104769,4418984476;105343,13166398124;104769,4418984476;104982,90219859187;99636,27731099559
2021-04-06;104538,42101421724;104132,54144724808;104538,42101421724;103857,15518724844;99620,16838071335
2021-04-07;104754,2742158776;104960,62612837709;104754,2742158776;104321,37489147921;99726,14818520182
2021-04-08;105122,6415816715;104421,32584944497;105122,6415816715;104173,31462429573;100310,30886754217
2021-04-09;105418,61869398724;106393,30281455777;105418,61869398724;105911,33678700421;99765,14875325355
2021-04-12;106218,4316785234;107374,67782318298;106218,4316785234;106670,07229535148;100733,3802470601
2021-04-13;106410,51342112508;107592,83111330838;106410,51342112508;107066,59890524273;101144,58188847531
2021-04-14;106398,59759281366;106553,37683422126;106398,59759281366;105880,32461608671;101990,72464751116
2021-04-15;106766,08287262484;106841,73271349241;106766,08287262484;106367,10674034043;102334,94705248966
2021-04-16;107114,10997766192;106932,29399259626;107114,10997766192;106363,91577158705;102685,10432651953
2021-04-19;106794,5010025523;105753,26991576821;106794,5010025523;105277,17219125766;102532,49340805617
2021-04-20;106325,81587671206;105038,54509432119;106325,81587671206;105024,17743401247;101793,1782919447
2021-04-22;105776,07894203858;103454,53612520649;105776,07894203858;103490,60774492373;101207,32193273249
2021-04-23;106494,64567677755;104874,19844511164;106494,64567677755;104277,94751971052;102189,96667994946
2021-04-26;106367,88820732193;104337,01312937432;106367,88820732193;103695,58105826695;102245,07617828347
2021-04-27;105857,0324468505;104642,8409909468;105857,0324468505;103693,86444097065;101221,73518614292
2021-04-28;105979,27724007636;103018,02967155541;105979,27724007636;102409,68481570353;102633,38618192916
2021-04-29;105544,75887047111;103203,88186998405;105544,75887047111;102132,47140909344;101796,5696456883
2021-04-30;105500,69393240183;104098,5318774935;105500,69393240183;103109,69111014421;100802,90299880452
2021-05-03;105668,77954564159;104196,81886856793;105668,77954564159;103543,91708970755;101069,97210611544
2021-05-04;104971,12770974149;103688,49682304534;104971,12770974149;103158,705177161;99800,75796756169
2021-05-05;105470,52303328968;102441,05695373406;105470,52303328968;102189,01197012754;101370,95475086266
2021-05-06;105680,95487156144;101916,82699843612;105680,95487156144;102404,72497518145;101673,6330724817
2021-05-07;106313,6325081736;101756,58217102739;106313,6325081736;101548,30351024072;103468,5070412982
2021-05-10;105875,18965321056;100653,78216111695;105875,18965321056;100841,30745469486;103359,1358830661
2021-05-11;106330,56233551604;100125,33352544534;106330,56233551604;100610,86350886068;104253,60543294868
2021-05-12;104623,88901014932;99532,42086202343;104623,88901014932;100345,96575011389;101494,73916250518
2021-05-13;105088,93293708607;100062,31987171998;105088,93293708607;100817,35682153338;102339,1862446692
2021-05-14;105954,52966428055;101158,8010347286;105954,52966428055;101597,64871362585;103335,39640686072
2021-05-17;106802,58118799239;101196,89237882415;106802,58118799239;102248,2342764578;104231,56163361511
2021-05-18;106513,2618895703;100091,45533863067;106513,2618895703;101259,72801448614;104267,17084792323
2021-05-19;106787,429339266;100678,9680086814;106787,429339266;102392,50153472967;103975,51442597099
2021-05-20;106790,99453698046;100903,38369506561;106790,99453698046;102298,03286681735;104030,62392430498
2021-05-21;107292,30659178155;102333,99189150304;107292,30659178155;104034,01395780913;103938,20953479105
2021-05-24;107671,38735496718;102575,0949635277;107671,38735496718;103742,21553557558;105159,09688249807
2021-05-25;107761,48030814923;102595,1025562406;107761,48030814923;104473,42561556555;104273,9535554105
2021-05-26;108067,64323305868;102324,44628746607;108067,64323305868;103915,52052321091;105122,63982975404
2021-05-27;108428,7933587042;102115,93505460156;108428,7933587042;103721,6464287082;105443,12275852714
2021-05-28;108600,75025840489;101487,95553273067;108600,75025840489;103194,60423997937;106455,44185100087
2021-05-31;109146,58226486281;101238,63328245084;109146,58226486281;103360,89436112883;107010,77602652038
2021-06-01;109202,36278447666;100017,46846995382;109202,36278447666;101583,90414350362;108749,69265856697
2021-06-02;109531,11650198624;99474,83536071065;109531,11650198624;101019,33681262074;109880,70913206777
2021-06-04;109580,90851101486;99179,35387547588;109580,90851101486;100058,76040193252;110325,82431091928
2021-06-07;109358,22357106362;99018,8526097953;109358,22357106362;99594,76541296688;110876,91929425926
2021-06-08;108889,84291974042;98979,46274342966;108889,84291974042;99467,67054577218;110038,40708114661
2021-06-09;108937,43006666728;99128,50897648818;108937,43006666728;99664,64229278135;110140,14769345552
2021-06-10;109527,23061985725;99918,58165597219;109527,23061985725;100944,25327597067;110283,43238912392
2021-06-11;109464,88184147932;101079,37232349232;109464,88184147932;101548,06940878398;109745,05498232256
2021-06-14;109311,4504551468;100259,43199140723;109311,4504551468;100068,73048774751;110395,34706266374
2021-06-15;108812,66208424071;99473,24294119191;108812,66208424071;99223,67150229783;110296,14996566255
2021-06-16;108375,3495333066;99432,83009301055;108375,3495333066;98996,38704321627;109590,7483869874
2021-06-17;106680,25122017552;98404,47195179878;106680,25122017552;96329,27168139101;108571,64658702638
2021-06-18;107000,19088004385;98033,5904824541;107000,19088004385;96972,90341947608;108866,69436272225
2021-06-21;107418,48414087194;98362,78095795422;107418,48414087194;96722,90991604305;109595,83541760282
2021-06-22;107035,74748033608;98287,86810165075;107035,74748033608;96529,48627053757;109173,61187652081
2021-06-23;106710,86696612962;97574,7561325057;106710,86696612962;95626,3254745883;108886,19464674812
2021-06-24;106907,92235497489;97115,72329752035;106907,92235497489;95232,56437860837;109806,94718814384
2021-06-25;106178,79527548925;97733,16595024036;106178,79527548925;95499,70156141317;107892,52799986435
2021-06-28;106383,48032702834;98142,62653299709;106383,48032702834;96010,59201496723;108039,20404927638
2021-06-29;106219,66380162914;98116,56378362454;106219,66380162914;95789,5935060627;107952,7245288138
2021-06-30;106427,73783433707;98613,04444414173;106427,73783433707;96117,58857877913;107507,60934996228
2021-07-01;106480,8191333675;99175,14822564054;106480,8191333675;96609,95666960438;106544,46488677118
2021-07-02;107806,59387348423;100359,08227208916;107806,59387348423;97393,35194248795;108202,83686740654
2021-07-05;107661,80840619914;100270,91981079605;107661,80840619914;97345,35881221817;107607,65428539937
2021-07-06;107835,69497576417;101129,93910712902;107835,69497576417;97914,51792858554;106060,3491398679
2021-07-07;108927,10278624912;102312,60281367008;108927,10278624912;98683,01312803575;107691,59029055425
2021-07-08;108229,65968671135;101245,59902011373;108229,65968671135;97941,70619741995;106342,67933902517
2021-07-12;109104,11860008795;102068,10233577133;109104,11860008795;98496,12626577329;108179,09739120115
2021-07-13;109179,74481020999;102198,94651440928;109179,74481020999;98505,51302775604;108665,75665341216
2021-07-14;108965,91786498405;101440,14514319954;108965,91786498405;98181,61860204418;108868,3900395941
2021-07-15;108691,48213706234;100998,72550530315;108691,48213706234;98010,16855663108;108072,26974827681
2021-07-16;107978,29661625349;100402,149736987;107978,29661625349;97802,46089493412;106793,72938692808
2021-07-19;107604,81950128883;100011,21796164206;107604,81950128883;97612,55016985058;105466,8622347326
2021-07-20;108462,72444456033;101378,13565089894;108462,72444456033;98454,08909304591;106319,7877012557
2021-07-21;108318,16609906149;101432,6502839622;108318,16609906149;98487,75719787079;106767,44639541494
2021-07-22;108852,26048268398;102309,10503261648;108852,26048268398;98941,50524181603;106952,27517444281
2021-07-23;108324,00895791786;102075,42696130817;108324,00895791786;98799,21093095379;106024,73992555986
2021-07-26;108377,4593515949;101876,16404227553;108377,4593515949;98586,00001653224;106831,03427810803
2021-07-27;107517,59689328689;101105,74302092839;107517,59689328689;98120,71008712948;105650,84317532458
2021-07-28;107773,87623887481;100623,85774066385;107773,87623887481;97709,84318510404;107070,12471703399
2021-07-29;107715,63028659597;100466,56634111608;107715,63028659597;97789,83099603449;106552,09543269442
2021-07-30;106693,079811644;100642,58004388314;106693,079811644;97548,18878389795;103267,56933198817
2021-08-02;106837,92817325669;100575,49269049302;106837,92817325669;97582,42425902594;103873,77381366213
2021-08-03;107229,64895550029;100980,55713732485;107229,64895550029;97717,0010199301;104773,33039416016
2021-08-04;106570,85968776852;100145,66138487826;106570,85968776852;97507,17145962558;103267,56933198817
2021-08-05;106275,65947678094;100372,48850186035;106275,65947678094;97091,44850543764;103125,1324747557
2021-08-06;106575,4680150459;101165,30607263636;106575,4680150459;97650,45689636338;104123,03831381902
2021-08-09;106213,99369799225;101146,10282500353;106213,99369799225;97567,13512438443;104300,23654692373
2021-08-10;105689,87253744945;100488,89956139916;105689,87253744945;97175,65998070997;103607,55254478718
2021-08-11;106076,57061169662;100822,71602558884;106076,57061169662;97374,13575333533;103483,76813314467
2021-08-12;105589,81277120233;100625,67446372991;105589,81277120233;97195,01468807986;102334,9470524898
2021-08-13;105799,44959432741;100599,98574051484;105799,44959432741;96881,7377461322;102752,93140139228
2021-08-16;104818,87170784398;99726,12866557538;104818,87170784398;96044,05122258347;101045,38479147427
2021-08-17;103977,51412451448;98550,2409217967;103977,51412451448;95540,03192135824;99963,54294725611
2021-08-18;103957,39469489349;98858,84408415694;103957,39469489349;95412,89909333462;98894,41867957657
2021-08-19;104852,20835867859;100467,41032042609;104852,20835867859;96386,87642544734;99336,99034312037
2021-08-20;105289,46031817574;100911,25363986634;105289,46031817574;97050,73597045246;100089,87087420638
2021-08-23;105502,40015775558;101564,54469018588;105502,40015775558;97377,53444979142;99597,27674294401
2021-08-24;106160,9983674581;101561,9140763448;106160,9983674581;97480,93119953848;101919,50621889507
2021-08-25;106046,24390523155;101114,36706130047;106046,24390523155;97613,91175551905;102434,14414949101
2021-08-26;105332,90163629915;100369,85247964245;105332,90163629915;97288,74773368545;100658,77046470037
2021-08-27;106350,47016525116;101096,10567771258;106350,47016525116;97846,1302110799;102315,44676846391
2021-08-30;105824,72352486699;100856,7325081769;105824,72352486699;97662,04115832713;101520,17431558254
2021-08-31;104880,50212573518;99875,08778120668;104880,50212573518;96675,10452141102;100707,0972555471
2021-09-01;105092,55602125531;100388,19912493779;105092,55602125531;96518,7113960093;101228,5178936303
2021-09-02;104058,77210853835;99202,95530740784;104058,77210853835;96314,51475015568;98923,24518639738
2021-09-03;104474,31097779183;99729,18290856892;104474,31097779183;96626,05186732841;99140,29182598974
2021-09-06;105095,6279697246;99937,1812897695;105095,6279697246;96595,35443053652;99933,8686019993
2021-09-08;103108,65383715185;99166,03146028257;103108,65383715185;96176,7056381953;96155,9005315948
2021-09-09;103481,80015127585;98839,80895005741;103481,80015127585;95999,9909852337;97807,4898047429
2021-09-10;103145,2688153737;98565,96728978273;103145,2688153737;96033,49195419873;96896,06348614217
2021-09-13;103953,16677807092;98947,81395401113;103953,16677807092;96308,68012062779;98691,78529339457
2021-09-14;104293,83378438788;99304,16677591926;104293,83378438788;96706,28799379854;98502,71732218718
2021-09-15;103683,51119535592;99227,47729161319;103683,51119535592;96510,63120109864;97554,83395084241
2021-09-16;103003,11657999463;99093,41892311591;103003,11657999463;96594,84283977721;96478,92697567561
2021-09-17;101852,93029685038;98013,11063892493;101852,93029685038;95841,0947824989;94482,26745911308
2021-09-20;100692,9181794125;96383,4851401663;100692,9181794125;94759,43514883224;92282,12671793271
2021-09-21;101237,88159717515;96619,91149022242;101237,88159717515;95028,46810742459;93474,18755881887
2021-09-22;102448,22102275598;98066,86258947378;102448,22102275598;95926,89301922053;95196,99526058322
2021-09-23;103193,6530291827;99374,28104395035;103193,6530291827;96596,11363278417;96707,84335337067
2021-09-24;103083,49735854754;99592,42016451264;103083,49735854754;96601,11063910833;96045,6815349268
2021-09-27;103156,78094987391;99531,57675028632;103156,78094987391;96553,16449534647;96300,0330656991
2021-09-28;101273,55204431714;97428,12240844627;101273,55204431714;95328,16429257966;93367,35991589451
2021-09-29;101635,46266358465;97688,34375163623;101635,46266358465;95545,7448851534;94200,78509839173
2021-09-30;101809,00622832669;97196,00652808406;101809,00622832669;95182,44922830931;94092,26177859557
2021-10-01;102578,5867988177;96897,76786108194;102578,5867988177;94939,48685496263;95720,95941397418
2021-10-04;101695,42781170073;97012,64257629946;101695,42781170073;95079,41475970198;93595,42845515368
2021-10-05;101819,08913625042;98154,17657486482;101819,08913625042;95852,36486052297;93650,53795348768
2021-10-06;101983,60887921821;98658,4958711112;101983,60887921821;96342,4407627574;93737,01747395024
2021-10-07;102173,09126840196;99602,81354144165;102173,09126840196;97002,27610208676;93758,21343484793
2021-10-08;103437,9287275536;99602,98248698696;103437,9287275536;97156,00388378205;95664,15423876834
2021-10-11;103239,61998233438;99673,23019299636;103239,61998233438;97145,3529327403;95110,51574012064
2021-10-13;103953,34621151647;99071,07854771285;103953,34621151647;96647,13243381557;96192,3575843388
2021-10-14;104213,98469413609;100213,90335150153;104213,98469413609;97506,68315276568;95962,59336820783
2021-10-15;104400,67277684524;100271,31735009368;104400,67277684524;97534,19948705735;97202,98099994073
2021-10-18;104656,92513008;101227,8335475038;104656,92513008;98184,70508267567;97016,45654404104
2021-10-19;102833,96930369204;101607,84232106086;102833,96930369204;97849,80571771399;93832,8232172078
2021-10-20;103264,9880190232;102538,54074444185;103264,9880190232;99076,39947476209;93928,62896046536
2021-10-21;102139,42663234143;103746,85664628848;102139,42663234143;99858,44529520925;91341,87389251111
2021-10-22;101282,53251764449;103369,3426031573;101282,53251764449;99516,88736834674;90121,83438323998
2021-10-25;102286,89208365891;102749,91832087794;102286,89208365891;99073,48930898841;92172,75555970058
2021-10-26;100779,46643484011;102979,68472376722;100779,46643484011;99108,35074286886;90226,96634929253
2021-10-27;100572,73706552903;102206,54038273278;100572,73706552903;98513,65813938482;90178,6395584458
2021-10-28;100457,3542581532;104071,28747942203;100457,3542581532;99947,63399130321;89620,76186761855
2021-10-29;99628,25795902894;104342,79118299916;99628,25795902894;100130,22566294397;87752,1259548781
2021-11-01;101020,14559833953;104653,07584836142;101020,14559833953;100394,08874650396;89490,19474848878
2021-11-03;101207,0471758678;104875,4362793201;101207,0471758678;100885,9887224459;89546,1520852587
2021-11-04;100417,39947031834;105425,92400912997;100417,39947031834;101175,89963786972;87676,66833408232
2021-11-05;101063,17339890567;104780,0658464399;101063,17339890567;100812,51857337849;88873,81620558393
2021-11-08;101032,86254753389;104888,36981385059;101032,86254753389;100759,99777102003;88837,3591528399
2021-11-09;101238,06582934731;103917,49778944856;101238,06582934731;100115,13969244935;89476,62933351428
2021-11-10;101654,0263898523;103370,15338153763;101654,0263898523;99601,92207284956;89843,74337626228
2021-11-11;102293,85730833051;102233,96337447001;102293,85730833051;98831,40092387839;91333,39550815204
2021-11-12;101908,80933947295;103500,42448374485;101908,80933947295;99875,29648933101;90135,39979821452
2021-11-16;100751,08189609027;104076,41082022506;100751,08189609027;100139,67101710246;88605,89925983711
2021-11-17;100461,9292724911;104797,1687466472;100461,9292724911;100832,32355394578;87280,72778451345
2021-11-18;100482,67565397691;105308,46445727935;100482,67565397691;101251,13532965067;86923,78780299633
2021-11-19;100844,6467045656;105749,06945685572;100844,6467045656;101558,87232278581;87357,03324374516
2021-11-22;99967,02359750686;105562,85024821344;99967,02359750686;101426,26522326539;86582,95675176146
2021-11-23;100296,3332645784;105482,9563381827;100296,3332645784;101354,60422273994;87889,47578149516
2021-11-24;100720,90512640083;105820,31452148528;100720,90512640083;101711,59557189232;88610,98629045258
2021-11-25;101717,66154831038;105613,27415002065;101717,66154831038;101544,82697065713;89710,6327418248
2021-11-26;99541,74920959459;103969,30717834314;99541,74920959459;100374,05701980698;86669,43627222405
2021-11-29;99675,21823139221;105299,37279542831;99675,21823139221;101380,09622475831;87169,66094940958
2021-11-30;98972,94516028462;104385,24114306681;98972,94516028462;100712,48358990482;86407,4541955286
2021-12-01;98451,9766562021;104046,92831211066;98451,9766562021;100525,14239062305;85440,91837859388
2021-12-02;99986,621909038;104684,63801195897;99986,621909038;101078,09247448303;88570,29004552904
2021-12-03;100731,64438187097;104286,54827087172;100731,64438187097;100874,54104669075;89082,38446081727
2021-12-06;102061,2289659958;105647,314296776;102061,2289659958;101911,4665486953;90599,16742265607
2021-12-07;102200,30738086406;106602,60082083286;102200,30738086406;102724,10003584468;91191,80648935553
2021-12-08;102552,27471110183;105846,32584040448;102552,27471110183;102223,20808981043;91647,94356787385
2021-12-09;101593,5230556774;105492,93092005872;101593,5230556774;101867,06732923473;90117,59519106052
2021-12-10;102884,73251298544;106831,56380175041;102884,73251298544;103049,30709095279;91361,37417653707
2021-12-13;102925,34156610064;107033,02425301111;102925,34156610064;103191,92699042031;91043,43476307168
2021-12-14;102124,29295750226;106629,20151791301;102124,29295750226;102855,32558251286;90515,23141750121
2021-12-15;102770,15390655439;107723,09825586648;102770,15390655439;103635,20045998623;91032,41286340488
2021-12-16;103213,6286346609;107502,90391333104;103213,6286346609;103409,45003985293;91746,29282643914
2021-12-17;102541,71011098796;106323,87085649712;102541,71011098796;102366,96324583646;90889,1281677365
2021-12-20;101553,44756943062;106109,33851237764;101553,44756943062;102145,6110626812;89039,9925390219
2021-12-21;102051,98179397677;107622,65632272976;102051,98179397677;103389,26238127566;89446,95498825758
2021-12-22;101775,36264020976;107309,77202278672;101775,36264020976;103138,70948251692;89229,90834866524
2021-12-23;101805,15179815653;108014,21762561087;101805,15179815653;103715,89798852292;88930,62138078983
2021-12-27;102156,5721927384;108463,23219617008;102156,5721927384;103985,50772790497;89473,23797977074
2021-12-28;101841,73626207653;108343,67820002977;101841,73626207653;103914,71326924137;88907,72974302033
2021-12-29;102142,36737102926;109833,3287903003;102142,36737102926;105412,42564198498;88265,91604703823
2021-12-30;101637,84821886753;107701,17302692396;101637,84821886753;103025,72104455117;88872,12052871221
2022-01-03;101454,86906652914;109115,39929027388;101454,86906652914;104466,55897108548;88109,06593639533
2022-01-04;101038,95340440517;108913,24856437063;101038,95340440517;104251,70722597737;87763,14785454501
2022-01-05;99300,20340403702;108011,58951813707;99300,20340403702;103493,84016894961;85636,7690572886
2022-01-06;99062,88572993122;107315,54543396669;99062,88572993122;102913,86836916882;86107,31938921736
2022-01-07;99264,23075406157;106335,21219785554;99264,23075406157;102120,90642750148;87089,11629799844
2022-01-10;98912,09484125431;106225,45604452098;98912,09484125431;101941,05051339987;86432,88934860591
2022-01-11;99809,74146594697;105930,92962537488;99809,74146594697;101722,92427821195;87987,82504006055
2022-01-12;100575,53242123206;105489,6372327444;100575,53242123206;101381,65374206967;89604,65293733643
2022-01-13;100237,13034431473;104671,34222270052;100237,13034431473;100832,9960419707;89472,39014133482
2022-01-14;100654,05327303719;104210,79560195355;100654,05327303719;100488,61953005561;90657,66827473373
2022-01-17;100696,84277555351;104239,18904452171;100696,84277555351;100380,81894102739;90457,57840385952
2022-01-18;100127,86408337545;103387,02389296445;100127,86408337545;99724,95048361276;90313,44586975522
2022-01-19;100423,72362203004;101231,62288724672;100423,72362203004;98154,73620544659;91577,57297769352
2022-01-20;100990,24391100783;100101,09954336479;100990,24391100783;97385,65257677883;92500,86903439696
2022-01-21;100721,5991308132;98829,82039455713;100721,5991308132;96355,41964140971;92365,21488465172
2022-01-24;100626,20951985913;99363,71054608254;100626,20951985913;96900,48827143818;91356,28714592163
2022-01-25;101249,78156881759;98266,16131238715;101249,78156881759;95964,76657951224;93130,81299227633
2022-01-26;101556,62382267497;97762,0789357331;101556,62382267497;95668,07947021107;94595,87780952477
2022-01-27;101382,58171867683;96786,13984649678;101382,58171867683;94710,43331000449;95224,97392896825
2022-01-28;101359,44720665005;98270,96112957933;101359,44720665005;95914,89396872626;94515,33315811353
2022-01-31;101819,2494772236;98717,1159602513;101819,2494772236;96311,42050894177;95286,86613478951
2022-02-01;102117,82066125573;98609,21687018056;102117,82066125573;96229,7127955899;95930,37550764342
2022-02-02;101735,43326260101;99277,66011974051;101735,43326260101;96831,12774648213;95094,40680983847
2022-02-03;101628,20747777741;99005,71519308006;101628,20747777741;96740,700656738;94700,16193714141
2022-02-04;101628,6396896428;98794,3616183345;101628,6396896428;96476,67487607697;95165,62523845471
2022-02-07;101323,76873319465;98193,3280683138;101323,76873319465;96072,90836204431;94954,5134679137
2022-02-08;101606,4148920167;98737,07266684546;101606,4148920167;96430,86263281314;95156,29901565972
2022-02-09;101876,09000800928;99227,30296965184;101876,09000800928;96750,6296519258;95348,75834061076
2022-02-10;101969,80761904157;98068,3186860798;101969,80761904157;95830,40839000224;96110,11725605583
2022-02-11;101864,36843836881;96641,53868212605;101864,36843836881;94716,10131569988;96290,70684290415
2022-02-14;101707,39011294974;95793,34277762719;101707,39011294974;94061,24439481286;96489,94887534245
2022-02-15;102247,24560944524;96249,95638993359;102247,24560944524;94462,20943861209;97213,15506117168
2022-02-16;102162,47736215922;95775,84902662422;102162,47736215922;94092,69861165897;97654,87888627958
2022-02-17;101657,17377415966;94933,36960946892;101657,17377415966;93454,82538643913;96253,40195172421
2022-02-18;100798,2023474873;93974,23203038042;100798,2023474873;92697,84561713142;95609,0447404344
2022-02-21;99966,57305070067;92261,21897756637;99966,57305070067;91345,01902281881;94724,74925178272
2022-02-22;99987,5960510737;91888,68856235265;99987,5960510737;91008,98450167818;95714,17670648695
2022-02-23;98963,3031659709;90619,09461277617;98963,3031659709;90015,44113023784;94964,68752914458
2022-02-24;99797,0493611872;92355,858809474;99797,0493611872;91376,17587948206;94611,98673980699
2022-02-25;100852,28652334232;94534,96620395423;100852,28652334232;93094,71884992164;95926,13631546385
2022-03-02;101792,48965236128;94038,8772212571;101792,48965236128;92746,43294668768;97648,9440172282
2022-03-03;101348,28708444125;92839,27375893784;101348,28708444125;91814,81755885368;97642,16130974094
2022-03-04;101314,98120799895;92696,99392274204;101314,98120799895;91658,5941670598;97055,45711209286
2022-03-07;99815,31983749407;91227,12131156192;99815,31983749407;90508,50876715392;94612,83457824291
2022-03-08;99844,5397275795;90062,47305857595;99844,5397275795;89496,30986590768;94282,17758823892
2022-03-09;100793,31753287141;91203,62844763784;100793,31753287141;90470,42935943572;96568,79784988187
2022-03-10;100748,75060868864;90999,57467851757;100748,75060868864;90285,89131536351;96367,86014057176
2022-03-11;99691,17011723263;91053,2543086964;99691,17011723263;90383,04265660454;94714,57519055184
2022-03-14;98805,64381255102;91315,39787975735;98805,64381255102;90554,69424009896;93201,18358245668
2022-03-15;98870,01934973207;92999,8887088661;98870,01934973207;91892,05839652216;92379,62813806217
2022-03-16;99843,63838803374;93816,82578394882;99843,63838803374;92527,95457575886;94205,02429057135
2022-03-17;100563,5092224457;93803,53004547126;100563,5092224457;92599,00114690333;95870,17897869398
2022-03-18;101704,44239661183;94518,52719406242;101704,44239661183;93293,08698609649;97765,0978829476
2022-03-21;101864,27382909323;93645,25488250537;101864,27382909323;92636,69761398775;98480,67352285366
2022-03-22;102379,17430667681;94070,14474337136;102379,17430667681;93009,45380044714;99427,70905576252
2022-03-23;102002,01042731506;92134,46863931773;102002,01042731506;91525,9726022826;99584,55916640544
2022-03-24;103453,19872260597;92933,09479181386;103453,19872260597;92400,0390557264;100937,70931011405
2022-03-25;103268,28452909946;92477,41142995976;103268,28452909946;92155,255335229;100961,44878631948
2022-03-28;103095,8243011543;93337,26559335993;103095,8243011543;92855,73776398973;100670,64020280314
2022-03-29;103843,80772380669;93955,21041392857;103843,80772380669;93288,54094425357;101752,48204702132
2022-03-30;103841,33642086021;93857,90245254693;103841,33642086021;93154,60004281254;101961,0503022546
2022-03-31;103363,4317931572;93077,56035822963;103363,4317931572;92424,11851538254;101739,7644704827
2022-04-01;103454,94309280625;92429,08326749159;103454,94309280625;91836,16387717615;103071,71865329363
2022-04-04;103308,26962332611;92563,54947410517;103308,26962332611;91982,56399796995;102825,8455068804
2022-04-05;102327,68954998294;92024,45265995647;102327,68954998294;91410,86920758987;100795,27245288157
2022-04-06;102055,79025628239;92186,87866700295;102055,79025628239;91552,81753450625;100238,24260049025
2022-04-07;102494,95446959122;92493,97835121687;102494,95446959122;91856,63803399254;100775,77216885572
2022-04-08;102072,06788948478;92116,68771489161;102072,06788948478;91492,18889641829;100317,93941346559
2022-04-11;100954,35516264716;90772,10168966456;100954,35516264716;90179,47832144742;99157,248594708
2022-04-12;100518,06125491079;90461,24977140923;100518,06125491079;89873,7297069918;98473,89081536642
2022-04-13;101279,70349392304;91260,17289605614;101279,70349392304;90653,26202664147;99012,26822216778
2022-04-14;100540,91798274424;90593,31721720648;100540,91798274424;89998,42588283414;98503,5651606232
2022-04-18;100337,0297187731;90304,6637690129;100337,0297187731;89718,57788081194;98083,8851348489
2022-04-19;100352,9145205611;90940,33460422773;100352,9145205611;90303,9436055058;97549,74692022709
2022-04-20;99813,45792737472;90559,01758667997;99813,45792737472;89927,1196088035;96945,23811542493
2022-04-22;98596,43461730452;89994,49958224219;98596,43461730452;89326,23535065635;94176,19778375053
2022-04-25;98941,64547901225;90888,38617199217;98941,64547901225;90155,14836758992;93842,99727843882
2022-04-26;98255,99199697017;90563,121693572;98255,99199697017;89803,41866343419;91747,1406648751
2022-04-27;98609,81386171425;90590,59283989307;98609,81386171425;89860,50197631755;92710,2851280662
2022-04-28;99339,24287888804;91643,25253593246;99339,24287888804;90869,9167333845;93193,55303653354
2022-04-29;97730,7479947907;90010,06757992049;97730,7479947907;89295,4236813575;91461,4191119742
2022-05-02;97629,7048542127;91001,08835394663;97629,7048542127;90200,23186730157;90412,64296675644
2022-05-03;97037,80655782329;90341,84418708741;97037,80655782329;89576,36813247745;90318,53290037069
2022-05-04;98384,72718233435;91434,35698808891;98384,72718233435;90646,7055979976;91858,20749997898
2022-05-05;96783,86310879688;90599,81853434666;96783,86310879688;89800,44459879196;89280,77865481972
2022-05-06;96820,69652618788;90962,41322149534;96820,69652618788;90150,6177916169;89137,49395915132
2022-05-09;95534,65556669107;89949,6556876266;95534,65556669107;89148,65019826498;87539,3185074654
2022-05-10;95521,29044534103;90384,6492235008;95521,29044534103;89587,11078854911;87420,62112643833
2022-05-11;95512,71425707321;89159,27413494216;95512,71425707321;88422,0790477312;88511,78919345149
2022-05-12;95995,08351954215;89046,4399376092;95995,08351954215;88340,11454586046;89606,34861420828
2022-05-13;96521,14368597962;89686,22002465921;96521,14368597962;88979,87470347849;90654,27692099015
2022-05-16;97300,83745492424;89934,64735231387;97300,83745492424;89255,0708380328;91764,09743359327
2022-05-17;97360,00702395779;90040,30708210787;97360,00702395779;89370,07803593768;92235,49560395791
2022-05-18;95651,01121992934;88079,37324257464;95651,01121992934;87457,03328684138;90080,29029988067
2022-05-19;95724,23209887545;87565,882111129;95724,23209887545;86989,97729188664;90722,95183429867
2022-05-20;96098,6175942454;87106,75956910061;96098,6175942454;86577,74360788042;91980,29623474971
2022-05-23;96653,40344495715;87426,56586642526;96653,40344495715;86920,03241203022;93555,58004866615
2022-05-24;96650,89969806149;87434,93874003363;96650,89969806149;86926,37901167372;93754,82208110444
2022-05-25;96723,8898556056;87350,07767433228;96723,8898556056;86839,01336433712;93753,97424266854
2022-05-26;97478,86839365742;88128,64096819855;97478,86839365742;87624,01692525206;94864,64259370755
2022-05-27;97572,28781069044;89037,9879150832;97572,28781069044;88487,50209834959;94908,73019237477
2022-05-30;97064,5752684071;88709,27622117416;97064,5752684071;88137,55634432197;94137,1972156988
2022-05-31;96965,05875540026;88470,43180131337;96965,05875540026;87924,91480340138;94407,65767675333
2022-06-01;97456,79509686878;88926,9622775203;97456,79509686878;88365,55329106277;94415,2882226765
2022-06-02;98359,54665179868;89661,31688080165;98359,54665179868;89080,933923543;95291,10532696912
2022-06-03;97218,79194968703;88732,19271399088;97218,79194968703;88179,02461581485;94196,54590621234
2022-06-06;96617,3757749519;89000,23851371376;96617,3757749519;88420,36381108587;93419,92589892093
2022-06-07;97235,68498519596;90046,2587124001;97235,68498519596;89409,61431265176;93321,57664035565
2022-06-08;96523,19919009172;89668,31369082617;96523,19919009172;89013,57362028093;91878,5556224408
2022-06-09;95877,64818125333;88966,58886734692;95877,64818125333;88321,4634165136;90798,40945509446
2022-06-10;95073,81509022124;87924,24371127672;95073,81509022124;87316,29397795344;89430,8460579754
2022-06-13;93244,39370971307;86953,63431174512;93244,39370971307;86329,93195166945;86986,52784725363
2022-06-14;92689,84814527511;86701,41849627772;92689,84814527511;86072,43970099333;86532,93428404303
2022-06-15;93284,13839783987;86819,13475661942;93284,13839783987;86209,26970664908;87163,72608035833
2022-06-17;92381,52389197653;86417,8195235345;92381,52389197653;85767,50637782484;84635,4718644817
2022-06-20;92346,73206112652;87121,19862891511;92346,73206112652;86429,28930527065;84659,21134068712
2022-06-21;92539,72815464693;87446,26436326928;92539,72815464693;86732,72371382687;84516,77448345463
2022-06-22;92591,17677606607;87656,10361935412;92591,17677606607;86929,9532280851;84378,57681840169
2022-06-23;92414,89096886745;88240,64180471942;92414,89096886745;87437,62982612874;83155,99379382285
2022-06-24;93287,346570879;90000,80376209709;93287,346570879;89117,86650693607;83657,91414788019
2022-06-27;93812,19049995427;89840,64073491543;93812,19049995427;89019,60281308915;85431,59215579901
2022-06-28;93364,63352842043;89005,7362316973;93364,63352842043;88221,93604118402;85284,91610638698
2022-06-29;92433,54112447723;88249,60507859463;92433,54112447723;87485,40504026088;84463,36066199247
2022-06-30;91943,29635503025;88746,10295285608;91943,29635503025;87606,9533250306;83547,6951512122
2022-07-01;93173,68562235877;89719,25178440251;93173,68562235877;90026,28840881686;83897,00458680614
2022-07-04;92420,6901725839;88835,40894489588;92420,6901725839;88819,09744929451;83604,500326418
2022-07-05;92429,06343960477;89026,83166470886;92429,06343960477;89559,94867771996;83338,27905754298
2022-07-06;92795,9619770631;89082,17907662503;92795,9619770631;89889,15785375469;83697,76255436784
2022-07-07;93618,5131286304;89162,02255792948;93618,5131286304;90003,0031206454;85402,76564897814
2022-07-08;92909,23053864726;88357,68196228666;92909,23053864726;88960,07315000912;85028,86889874286
2022-07-11;92077,55111518217;88356,41803229474;92077,55111518217;89283,15836146985;83267,90846736265
2022-07-12;92234,78202523265;88452,17790687009;92234,78202523265;89488,09541360073;83317,93093508121
2022-07-13;91850,8749096609;88143,5967968171;91850,8749096609;88851,28738052987;82987,27394507722
2022-07-14;91063,49100378108;88220,231235398;91063,49100378108;88984,9688342597;81495,07829787975
2022-07-15;91424,38101353451;89038,3539919091;91424,38101353451;89990,8353779105;81859,64882532005
2022-07-18;91297,44674340903;88599,70421047247;91297,44674340903;89686,69857302701;82169,10985442635
2022-07-19;92363,98015001263;88713,29515008786;92363,98015001263;90714,44802234606;83295,88713574763
2022-07-20;93050,71056649687;89207,94636136857;93050,71056649687;91563,89015399605;83331,49635005575
2022-07-21;93704,21722242508;89369,8319230761;93704,21722242508;92178,31137838324;83963,98382324284
2022-07-22;93459,3933268524;89490,97119404838;93459,3933268524;92020,87537152419;83872,41727216482
2022-07-25;93205,17163302726;89144,49139683381;93205,17163302726;90933,84548703035;85012,75996846061
2022-07-26;92596,1551243793;88902,7831330908;92596,1551243793;90223,84554152707;84590,53642737861
2022-07-27;93534,15224006059;88585,04019417887;93534,15224006059;90253,1876733106;86003,03526160076
2022-07-28;94040,67974708449;88578,15041860803;94040,67974708449;90098,56766715184;86985,68000881773
2022-07-29;94517,80668595595;89296,41212627264;94517,80668595595;91154,1869844533;87467,25224041328
2022-08-01;94423,03638262978;89328,30565135826;94423,03638262978;91074,56671243887;86670,28411066008
2022-08-02;95175,97525228119;89319,66321208824;95175,97525228119;91610,42493660722;87634,27641228709
2022-08-03;95960,46265783197;90210,05567130912;95960,46265783197;92732,65839404786;87984,43368631696
2022-08-04;97510,31418960675;90374,2361481992;97510,31418960675;92324,29048443407;89779,30765513345
2022-08-05;97155,73676520515;90276,74747395536;97155,73676520515;91792,52094163827;90271,0539479599
2022-08-08;97915,12398888207;90315,26204721032;97915,12398888207;91314,05361313366;91907,38212926168
2022-08-09;97808,48343237261;90157,10896291921;97808,48343237261;91295,01379749543;92118,49389980268
2022-08-10;98913,15390539792;90593,61184823155;98913,15390539792;91950,4484499436;93462,31782071631
2022-08-11;99028,54055636047;90977,2506527162;99028,54055636047;92857,71177804648;93023,13751091615
2022-08-12;100072,1131434246;90406,6111961495;100072,1131434246;92460,8085825927;95605,65338669086
2022-08-15;100574,34002572128;91375,83416415307;100574,34002572128;93470,57199011215;95832,87408751411
2022-08-16;101073,16126349196;91795,60986161721;101073,16126349196;94091,21067470782;96239,83653674979
2022-08-17;100851,34623813901;91372,21872423068;100851,34623813901;93742,09134245566;96406,0128701877
2022-08-18;100746,95978004349;91387,37760216581;100746,95978004349;93917,74903532765;96495,035905958
2022-08-19;99234,50024390995;90973,47366733158;99234,50024390995;93097,71692333632;94530,59424995996
2022-08-22;98355,23021433922;90481,35337169854;98355,23021433922;91931,98131513085;93686,99500623184
2022-08-23;99196,01846801315;90246,89261234344;99196,01846801315;91145,2007369041;95684,50236123028
2022-08-24;99565,53251366767;90159,57131407953;99565,53251366767;91328,52726482612;95719,26373710248
2022-08-25;100160,51858138548;90519,8960453255;100160,51858138548;92029,50671704306;96256,79330546793
2022-08-26;98405,3522229845;89152,53033933241;98405,3522229845;89580,177537669;95211,4085139938
2022-08-29;98096,80126616899;88908,96852547245;98096,80126616899;88905,4182799376;95231,75663645558
2022-08-30;97439,41290327423;88670,1417808873;97439,41290327423;88929,65676570682;93627,64631571829
2022-08-31;97480,19435483207;89006,18995008936;97480,19435483207;89502,15294815876;92857,80901591414
2022-09-01;98058,50779463424;89574,41919629592;98058,50779463424;90237,14338504396;93605,6025163847
2022-09-02;98090,80527982982;89523,27321234212;98090,80527982982;89345,359570269;93994,76035846632
2022-09-05;98367,69609539399;89464,77780919433;98367,69609539399;89213,46902295551;95130,01602414667
2022-09-06;97483,43427013334;89201,29790923683;97483,43427013334;89434,70548990785;93062,13807896791
2022-09-08;97959,99531975221;90036,04215958208;97959,99531975221;90705,02284786038;93191,00952122587
2022-09-09;99118,61676474258;90203,49702262065;99118,61676474258;90922,88174538982;95212,25635242973
2022-09-12;99205,35507066673;89864,35598925452;99205,35507066673;90790,65252521461;96150,8135009795
2022-09-13;97683,51080870052;88935,22486404756;97683,51080870052;89203,2463239107;93935,41166795278
2022-09-14;97629,06486582232;89118,52098956956;97629,06486582232;89348,61161025568;93725,99557428359
2022-09-15;97133,51326415538;89058,53250215368;97133,51326415538;89361,11064481038;93223,22738179035
2022-09-16;96943,43485214625;88932,57645098574;96943,43485214625;89156,63989988745;92651,7842759886
2022-09-19;97752,28123818396;88836,30672909507;97752,28123818396;88560,96167905319;94808,68525693766
2022-09-20;97655,64721791651;88774,18657645673;97655,64721791651;87980,43353902074;95396,23729302168
2022-09-21;97286,89199232042;88546,44311922886;97286,89199232042;87325,17794089078;94903,64316175933
2022-09-22;97834,21782699686;88471,77235591886;97834,21782699686;86648,03509866667;96712,93038398627
2022-09-23;97089,88367848739;88415,00681869246;97089,88367848739;86962,2230534218;94717,11870585966
2022-09-26;96226,41700061345;88453,29048663465;96226,41700061345;87464,39824591465;92511,04309562793
2022-09-27;95817,11378392138;88436,28260326307;95817,11378392138;87307,9686750962;91885,33832992808
2022-09-28;96501,5842064481;88812,20354758202;96501,5842064481;88146,4160549758;91948,92621262117
2022-09-29;95786,1535680602;88463,58792363225;95786,1535680602;87404,4690935608;91281,67736356183
2022-09-30;96976,01080478147;88604,3146687052;96976,01080478147;86981,80011121141;93293,59797197068
2022-10-03;99036,03009759993;88814,68505579459;99036,03009759993;86213,60441471484;98462,86891569967
2022-10-04;99672,33815929027;88978,30931427995;99672,33815929027;87562,90403398025;98544,2614055468
2022-10-05;100001,35385159298;89028,58153607247;100001,35385159298;87608,04144923064;99364,96901150541
2022-10-06;100479,23277241978;89343,98753629104;100479,23277241978;87615,95899896233;99672,73436373989
2022-10-07;99195,09740014841;88285,75995596875;99195,09740014841;85874,95362446773;98667,19797875341
2022-10-10;98538,00240266667;88003,33005009787;98538,00240266667;85249,82782658146;98299,23609756949
2022-10-11;98330,67900872648;88204,3331989476;98330,67900872648;85816,03892058732;97354,74407996835
2022-10-13;98384,68647153913;88551,63506374863;98384,68647153913;86877,64842273897;96907,93322424502
2022-10-14;97020,63188586567;87904,20436127699;97020,63188586567;85933,14167205905;95018,94918904277
2022-10-17;98140,32165169503;88796,10310707291;98140,32165169503;87231,75782157485;96334,79444157146
2022-10-18;98905,90327849858;89006,62249835624;98905,90327849858;87607,22940362991;98131,36408725978
2022-10-19;98762,10870015116;88843,37579681726;98762,10870015116;87305,70916804444;98581,56629672674
2022-10-20;98353,14759967306;88612,02846337085;98353,14759967306;86309,35110062193;99342,0773737359
2022-10-21;100025,19032516963;88939,71042753046;100025,19032516963;87077,73481261173;101680,41577996922
2022-10-24;99650,96007783672;89651,41330453783;99650,96007783672;89150,25797971863;98360,28046495483
2022-10-25;99518,07926544393;89992,83785565122;99518,07926544393;90143,77799096462;97184,32855435091
2022-10-26;98881,14107736427;90027,60696066984;98881,14107736427;90357,8199945812;95605,65338669087
2022-10-27;99364,87934937936;89839,97979578914;99364,87934937936;89517,53019918872;97197,04613088955
2022-10-28;99885,09967431736;90183,78197104356;99885,09967431736;90481,37981049839;97110,56661042696
2022-10-31;99632,21695246022;90063,68450154211;99632,21695246022;89114,57349141054;98380,62858741662
2022-11-01;99909,05870661729;90028,02230431061;99909,05870661729;88521,79731402053;99136,90047224624
2022-11-03;99348,40067656385;89256,65974987157;99348,40067656385;86594,56830772683;99108,92180386129
2022-11-04;100135,13204601973;89637,04161397523;100135,13204601973;86822,80553099836;100176,35039466903
2022-11-07;99249,42032521362;89451,27510899545;99249,42032521362;88134,6768356073;97791,3808744608
2022-11-08;99939,13028470994;89511,8836018931;99939,13028470994;88264,98064860888;98484,91271503326
2022-11-09;98915,09156286645;89638,19207646273;98915,09156286645;87878,93325616363;96297,48955039152
2022-11-10;98733,85243532494;88274,29944960654;98733,85243532494;90966,50644191146;93071,46430176288
2022-11-11;99849,80654250178;89887,68277330339;99849,80654250178;91939,97409266219;95172,40794594205
2022-11-14;100332,49262109937;90440,09295387668;100332,49262109937;91808,8712755012;95942,24524574619
2022-11-16;99164,41168138174;90431,36631988906;99164,41168138174;92397,05073345115;93468,25268976764
2022-11-17;98744,47132427384;89947,89350439869;98744,47132427384;92145,90007801367;93010,41993437753
2022-11-18;98075,00765905312;89660,11453292865;98075,00765905312;91938,2590849361;92312,64890162552
2022-11-21;98172,8151958389;89613,6777817525;98172,8151958389;91221,70055230212;93048,57266399336
2022-11-22;98099,05648912967;90008,64050847852;98099,05648912967;92491,94876768683;92445,75953606301
2022-11-23;97951,87244425793;89362,72694331799;97951,87244425793;92317,6303579925;92145,6247297517
2022-11-24;99756,90999224149;89953,71993401829;99756,90999224149;92958,25850748953;94814,620125989
2022-11-25;98210,21423481409;89790,5067782907;98210,21423481409;92971,73048485552;92394,88922990854
2022-11-28;97691,61564845948;89470,20276221068;97691,61564845948;91793,83699211833;92229,56073490654
2022-11-29;98378,13064635877;89734,3027284689;98378,13064635877;91027,96615151496;94033,76092651804
2022-11-30;99324,62406672034;90706,03275473737;99324,62406672034;92161,43741309448;95369,95430150851
2022-12-01;98717,73157457045;90202,41436796998;98717,73157457045;91949,83703623888;94047,32634149256
2022-12-02;99483,45746400434;91017,78951221508;99483,45746400434;92556,32069253534;94893,46910052841
2022-12-05;97937,64580351232;90516,99046632502;97937,64580351232;92016,00505018396;92754,37272673339
2022-12-06;97795,39857367412;89731,41615340317;97795,39857367412;90542,2528814692;92866,2874002732
2022-12-07;97343,69793188671;89756,92235947106;97343,69793188671;90242,30856300169;92720,45918929708
2022-12-08;96514,53769509947;89842,36113370018;96514,53769509947;90698,37229475322;90926,43305891647
2022-12-09;96389,34083560115;89661,29730795097;96389,34083560115;90497,88539117746;91302,87332445948
2022-12-12;95780,31693307936;89613,03326579805;95780,31693307936;91498,00930149188;89246,86511738341
2022-12-13;95522,27785206588;90191,4557990451;95522,27785206588;92041,83169602137;88083,6307833181
2022-12-14;95424,57947093553;89443,48807064594;95424,57947093553;91410,06495078446;88008,17316252233
2022-12-15;95029,79357067765;89330,86716812078;95029,79357067765;90426,53779910556;87953,06366418832
2022-12-16;94400,13136013043;88948,46809723298;94400,13136013043;89632,8821401708;87178,98717220464
2022-12-19;95063,32358584402;88795,70729497053;95063,32358584402;89121,52797486316;88624,5517054272
2022-12-20;96014,6515409324;88703,59561519965;96014,6515409324;88336,5800357776;90700,90803496505
2022-12-21;96395,13398842714;88869,66367184876;96395,13398842714;89051,55391537557;90984,08607255822
2022-12-22;96007,93457877795;88895,32295036368;96007,93457877795;88658,52776646214;90987,47742630185
2022-12-23;97240,20247255955;89076,11150849893;97240,20247255955;88472,85635556294;93006,18074219796
2022-12-26;97218,23959694104;89294,65560615127;97218,23959694104;88662,79673787962;92192,25584372661
2022-12-27;97190,59848146919;89556,18736132808;97190,59848146919;89431,67883255075;91860,75101528672
2022-12-28;98048,28062089982;89878,21452495705;98048,28062089982;89159,90223153777;93463,16565915219
2022-12-29;98235,60136809878;90355,56244688791;98235,60136809878;90396,7734714915;93288,51094135521
2023-01-02;97099,84336088103;90318,01612919525;97099,84336088103;90871,4218944672;90189,66145811272
2023-01-03;96560,94022858956;90193,36305599612;96560,94022858956;91396,71901244599;88315,93851475681
2023-01-04;97429,90529276611;90234,05389846832;97429,90529276611;91710,06097434499;89306,21380789694
2023-01-05;97627,15579290802;89609,66470419838;97627,15579290802;90003,84224042598;91157,89295191925
2023-01-06;98027,46374017494;89753,91813012074;98027,46374017494;90002,74221372925;92275,34401044554
2023-01-09;98424,02894571873;89994,50225194082;98424,02894571873;90312,62053271139;92606,84883888543
2023-01-10;99486,45335381535;90284,45562320422;99486,45335381535;90470,40658278308;94035,45660338983
2023-01-11;100286,36558555611;90847,98805087752;100286,36558555611;90895,56247554156;94756,96711234725
2023-01-12;99534,46916294516;91352,1029162571;99534,46916294516;90766,80684238426;94853,62069404071
2023-01-13;99165,83751677824;91404,226084461;99165,83751677824;90912,52092426267;94038,84795713345
2023-01-16;98519,2990315869;91083,60131439932;98519,2990315869;91376,4716919628;92594,97910078273
2023-01-17;99355,86715439506;90996,06386579985;99355,86715439506;90740,78615195528;94482,26745911315
2023-01-18;99694,89806319718;91070,18032634175;99694,89806319718;90679,23769311565;95341,1277946876
2023-01-19;100004,20863777705;90604,31191211005;100004,20863777705;90046,28341735066;95810,83028818046
2023-01-20;100356,87809808747;90915,07127943396;100356,87809808747;91317,39059557104;95213,10419086555
2023-01-23;100139,91158988398;90854,25385372745;100139,91158988398;91768,48863026028;94711,18383680821
2023-01-24;100612,26702238902;90800,33446392723;100612,26702238902;91163,57609798033;95829,4827337704
2023-01-25;100802,74718308511;90595,64280132588;100802,74718308511;90488,08251460572;96818,91018847463
2023-01-26;100774,99096691288;90763,94956985443;100774,99096691288;91018,96612671098;96745,99608298659
2023-01-27;100173,38379991062;90734,5105665815;100173,38379991062;91518,51652459672;95383,51971648297
2023-01-30;99954,41950095787;90518,73370085485;99954,41950095787;90906,16111068985;94862,94691683567
2023-01-31;100608,62899911439;90679,63199090654;100608,62899911439;91224,548593453;96256,79330546786
2023-02-01;100460,48293855866;90773,2508319465;100460,48293855866;91626,15505391268;95214,79986773735
2023-02-02;99374,75388547177;91036,10405761613;99374,75388547177;92039,13282568894;93207,11845150802
2023-02-03;98788,88532976847;91250,02308225466;98788,88532976847;93631,04529335679;91981,99191162146
2023-02-06;98551,67060852736;91288,70657686496;98551,67060852736;92514,99374519699;91953,1654048006
2023-02-07;98767,39876273135;92103,86995752044;98767,39876273135;94168,05486154137;91498,72400315409
2023-02-08;99395,87189502809;91841,16237086142;99395,87189502809;93312,24553672722;93162,1830144049
2023-02-09;98526,99292301196;91908,4061222525;98526,99292301196;93405,36586744974;91382,57013743476
2023-02-10;98057,89906608478;91645,53534056616;98057,89906608478;92296,74047331182;91693,72684341286
2023-02-13;98446,1363926199;91933,59601224893;98446,1363926199;93328,09102991692;92283,82239480458
2023-02-14;98214,69796684168;92109,90968201871;98214,69796684168;93613,90398282882;91277,4381713822
2023-02-15;99238,74624253278;92950,8811553163;99238,74624253278;94729,48992024663;92789,13410260555
2023-02-16;99042,3683508612;92651,3986049366;99042,3683508612;93691,47890617637;93181,6832984308
2023-02-17;98494,8501167714;92876,38070915519;98494,8501167714;93327,90029958868;92671,28456001439
2023-02-22;97093,44506525851;92619,63376509913;97093,44506525851;92212,22246157727;90847,58408437701
2023-02-23;96961,93292253294;92284,79736173854;96961,93292253294;92042,73353155443;91329,15631597258
2023-02-24;96517,85170584681;91968,91147262182;96517,85170584681;92081,00055178526;89763,19872485113
2023-02-27;96544,44074122631;92413,26421281633;96544,44074122631;92324,98309182093;89625,8488982341
2023-02-28;95990,53961380952;92422,94102733787;95990,53961380952;92371,5027422236;88965,38275666203
2023-03-01;95838,26297625044;91691,62823943277;95838,26297625044;91455,31695294351;88501,61513222054
2023-03-02;95452,75589964948;91869,17378993232;95452,75589964948;91934,30112622146;87603,75422859433
2023-03-03;96349,48729790602;92515,35306689974;96349,48729790602;93075,91014112692;88061,58698398447
2023-03-06;96492,4749250845;92218,29850259481;96492,4749250845;92703,67373199266;88768,68423953145
2023-03-07;96131,9214811634;92275,54817845798;96131,9214811634;92319,54374721776;88368,50449778304
2023-03-08;96992,58383401444;92174,51248231374;96992,58383401444;91783,46585725766;90328,70696160155
2023-03-09;96504,97644030825;92286,22125712072;96504,97644030825;91174,02420424025;89083,2322992532
2023-03-10;96281,1570120132;92133,38462194189;96281,1570120132;90976,9877917633;87851,32305187939
2023-03-13;96896,9669886062;92656,88716501794;96896,9669886062;91596,78345177129;87429,94734923328
2023-03-14;96747,2860859818;92670,84154044115;96747,2860859818;92148,65735288165;87269,70588484674
2023-03-15;96777,99968806941;92997,74857790252;96777,99968806941;92353,74925569583;87051,81140681847
2023-03-16;97107,9684552209;92922,8893254452;97107,9684552209;92718,70450620368;87696,16861810828
2023-03-17;96922,79783982837;93155,20266028747;96922,79783982837;92098,47488978339;86464,25937073445
2023-03-20;96339,30723210241;93457,55999150132;96339,30723210241;92901,51568490455;85566,39846710826
2023-03-21;96237,94667524853;93420,91403664836;96237,94667524853;93450,73931802125;85629,98634980133
2023-03-22;95951,41066116272;93077,68124642428;95951,41066116272;92407,28530057006;84971,21588510108
2023-03-23;95048,44433496165;93563,30190073918;95048,44433496165;93208,97791922391;83025,42667469301
2023-03-24;95666,41510346132;93681,70090975487;95666,41510346132;93290,81277342865;83791,02478231762
2023-03-27;95633,1635520739;93834,43769397151;95633,1635520739;92988,3139628497;84504,05690691595
2023-03-28;96160,89869400863;93604,56481254063;96160,89869400863;92442,76831975316;85788,53213731606
2023-03-29;96151,29042315304;93571,71268234684;96151,29042315304;92693,05379303833;86304,0179063479
2023-03-30;97178,10882130517;93756,74868874697;97178,10882130517;92770,24968689168;87931,8677032906
2023-03-31;96311,94901463541;93926,35357868785;96311,94901463541;93226,6737495687;86379,47552714369
2023-04-03;96194,17012314775;94106,20256097631;96194,17012314775;93528,92747450042;86060,6882752424
2023-04-04;96664,92530803817;94410,68799979736;96664,92530803817;93530,16572400558;86368,45362747689
2023-04-05;95942,50642347065;94386,39700985479;95942,50642347065;93050,13256748045;85613,02958108317
2023-04-06;95829,04569226755;94369,28285657834;95829,04569226755;93103,22757483611;85480,76678508159
2023-04-10;96227,23002140134;94210,97757118581;96227,23002140134;93227,28889588243;86349,80118188693
2023-04-11;98189,89644575656;94255,85096426784;98189,89644575656;92733,79631703645;90052,31163149566
2023-04-12;98042,70367369549;94045,85619094277;98042,70367369549;91726,10033143952;90625,45041416925
2023-04-13;98402,30330401381;94832,08576899927;98402,30330401381;92646,73928466275;90259,18420985715
2023-04-14;97832,26496800769;94468,10413783298;97832,26496800769;92214,24212133333;90107,42112982967
2023-04-17;97841,30858557206;94872,97851398817;97841,30858557206;92840,77645307347;89884,43962118596
2023-04-18;97930,56563485261;94676,47652295922;97930,56563485261;93139,9271370835;90009,07187126439
2023-04-19;97461,48942751189;95267,0192941114;97461,48942751189;94563,26969171359;88101,43539047216
2023-04-20;97618,17887090241;95271,05824166065;97618,17887090241;94084,21637363386;88486,35404037424
2023-04-24;97135,38971812074;95267,12468869178;97135,38971812074;94008,93919982566;88130,26189729302
2023-04-25;96671,95546601899;94972,78408080111;96671,95546601899;93471,15296199005;87513,88335438816
2023-04-26;96307,04095418262;95335,61534738285;96307,04095418262;93301,34304151198;86744,046054584
2023-04-27;96562,79339642025;95525,28547855861;96562,79339642025;93448,65952017174;87262,07533892359
2023-04-28;97490,53616302699;95560,59967802807;97490,53616302699;93947,43998385983;88541,46353870824
2023-05-02;96868,02345393311;95634,04977909318;96868,02345393311;94024,78135766587;86417,62825675958
2023-05-03;96663,87340369851;95400,38413514437;96663,87340369851;93062,38520967469;86307,40926009158
2023-05-04;96780,70516462394;95566,06833053958;96780,70516462394;92748,20242653425;86627,04435042875
2023-05-05;98064,49311024652;95631,12105913954;98064,49311024652;93117,91587625143;89148,51585881814
2023-05-08;98898,3335631653;95982,33887952387;98898,3335631653;94014,89900206629;89906,48342051957
2023-05-09;99247,46345358067;95611,92553581548;99247,46345358067;93446,19357032537;90815,36622381258
2023-05-10;99303,30559249294;95451,85225359841;99303,30559249294;93084,2856496845;91098,54426140574
2023-05-11;99641,65596566505;95767,51292171258;99641,65596566505;93037,71172649969;91783,59771761914
2023-05-12;99642,92861014447;95898,89129782503;99642,92861014447;92869,2426081543;91959,94811228791
2023-05-15;99879,64214380173;96159,49060378302;99879,64214380173;92861,30545496449;92438,97682857573
2023-05-16;99262,6868322621;96157,25435067994;99262,6868322621;93068,17123237632;91731,03173459285
2023-05-17;100224,50103612202;96144,5846337256;100224,50103612202;93525,87514513469;92804,39519445194
2023-05-18;100976,48971774123;96400,00843001687;100976,48971774123;94439,700781583;93353,79450092009
2023-05-19;101469,46865817047;96363,68181958338;101469,46865817047;94673,18530245588;93893,86758459327
2023-05-22;101200,77044376147;96355,27628479648;101200,77044376147;94397,00204824252;93442,81753669039
2023-05-23;100904,23170270273;96530,2829467549;100904,23170270273;93944,06679525485;93202,03142089261
2023-05-24;100051,66775804953;96203,94092361305;100051,66775804953;93236,3271319929;92244,82182675287
2023-05-25;101415,3323801818;96876,73246386992;101415,3323801818;94773,6376249313;93308,01122538107
2023-05-26;101845,74511139281;97275,82091274064;101845,74511139281;95057,45040926525;94030,36957277439
2023-05-29;101807,24357341767;97411,58666192746;101807,24357341767;95504,72311412697;93544,5581489993
2023-05-30;101517,5272991156;97560,39567779319;101517,5272991156;95745,54074068539;92386,41084554946
2023-05-31;101426,06496514761;97624,78757392606;101426,06496514761;95636,83064649405;91850,57695405582
2023-06-01;102656,15704525767;97744,674918354;102656,15704525767;95704,90507007223;93741,25666612989
2023-06-02;102975,91939562635;97929,86105895619;102975,91939562635;95841,54828118432;95430,99866889384
2023-06-05;103041,76414975536;98125,9285730369;103041,76414975536;95621,88343513013;95548,0003730491
2023-06-06;103982,45266258743;98243,55188110357;103982,45266258743;95651,9772802822;97170,76313937634
2023-06-07;104050,67262213788;97773,99871348611;104050,67262213788;95280,87253615269;97915,16528610326
2023-06-09;104649,78620364933;98014,43338894079;104649,78620364933;95301,4615080963;99213,20593147789
2023-06-12;104780,94826929913;97985,23353045694;104780,94826929913;95549,04486559953;99481,9707156606
2023-06-13;104173,1649788537;97755,43564370314;104173,1649788537;95724,71364165666;98979,20252316736
2023-06-14;105037,27426470698;97693,48327138173;105037,27426470698;95221,65088351603;100951,27472508857
2023-06-15;105579,2057239236;98129,71184029842;105579,2057239236;96067,673860231;101080,14616734652
2023-06-16;105466,81117539117;98215,62090513707;105466,81117539117;96108,43148349423;100687,59697152127
2023-06-19;105761,06257725589;98119,34075649029;105761,06257725589;95607,72533431381;101620,21925101969
2023-06-20;105432,53953431519;97639,28894033836;105432,53953431519;95215,60549201304;101420,12938014549
2023-06-21;105464,16039953828;97714,33306396079;105464,16039953828;94776,53440759021;102096,70445199979
2023-06-22;104748,3692597325;97753,12816310556;104748,3692597325;94987,24106197039;100836,816536241
2023-06-23;104783,8036112476;97791,86528256683;104783,8036112476;94666,61703359136;100873,27358898503
2023-06-26;104192,19405131663;97936,05596242068;104192,19405131663;94412,33310915326;100250,96017702881
2023-06-27;103957,75406872106;97851,11992970319;103957,75406872106;95249,9807209907;99640,5165031753
2023-06-28;104013,61904173289;97963,63894827408;104013,61904173289;95900,79099673542;98926,63654014106
2023-06-29;104937,30553806016;98104,43268889218;104937,30553806016;96008,95472429966;100369,65755805587
2023-06-30;105050,16999557907;98854,2082947775;105050,16999557907;96362,18263757486;100118,69738102722
2023-07-03;105899,33128680116;99457,00764893528;105899,33128680116;97070,58927731488;101463,36914037674
2023-07-04;105730,28249831137;99395,30910326596;105730,28249831137;97188,2577275678;100957,20959413987
2023-07-05;106300,75619458541;99271,92481698372;106300,75619458541;97206,07401138035;101358,2371743242
2023-07-06;105793,60165987529;99492,83707469214;105793,60165987529;97614,92058880377;99558,27617489225
2023-07-07;106373,0798233611;99585,72022358155;106373,0798233611;97178,12679148819;100806,29435254831
2023-07-10;105848,35330549821;99157,43111521158;105848,35330549821;97104,43956099673;99995,76080782058
2023-07-11;105715,04381569408;99480,14048069032;105715,04381569408;97224,90265707464;99383,62145709526
2023-07-12;105694,83465671424;99432,2609181889;105694,83465671424;97219,82343957691;99761,75739951008
2023-07-13;106251,46333905216;99465,90318406788;106251,46333905216;97439,4144749331;101116,6032200905
2023-07-14;105354,59252312685;99343,94697900787;105354,59252312685;97221,95745033145;99799,91012912593
2023-07-17;105772,03291522188;99405,73670456983;105772,03291522188;97562,62310806656;100230,612054567
2023-07-18;105928,48741859681;99349,51836125075;105928,48741859681;97846,96500898787;99910,1291257939
2023-07-19;105961,11833252877;99752,25419145203;105961,11833252877;97919,29692634534;99665,10381781658
2023-07-20;105815,50901617884;99385,81107366228;105815,50901617884;97672,46796859369;100115,30602728356
2023-07-21;106713,85917119311;99897,88062768459;106713,85917119311;97851,71184962432;101924,5932495105
2023-07-24;106935,43055731888;99773,40248566217;106935,43055731888;97682,96934317188;102878,41148990659
2023-07-25;107380,52336089769;99727,74783929739;107380,52336089769;98017,07989009311;103443,07188822111
2023-07-26;107631,75179296511;99995,43510617796;107631,75179296511;97989,13243068423;103911,07870484213
2023-07-27;106406,06355719465;99957,96970390239;106406,06355719465;97692,04057814262;101732,13392455947
2023-07-28;106838,92336811803;100120,57758614598;106838,92336811803;98011,26472428159;101899,15809643327
2023-07-31;107565,68998603288;100419,12736667451;107565,68998603288;98205,65510986178;103387,96238988712
2023-08-01;107669,94927246477;100709,11101444432;107669,94927246477;98795,9374370504;102798,71467693131
2023-08-02;107366,20067589659;100707,53135467209;107366,20067589659;98333,76662624821;102468,90552536323
2023-08-03;107955,46876853856;101195,91483668186;107955,46876853856;99347,97748337763;102237,44563236044
2023-08-04;107543,07622656148;101004,12190377654;107543,07622656148;98652,27142072504;101323,47579845198
2023-08-07;107668,205598922;100932,60068226943;107668,205598922;99186,09588513663;101214,95247865579
2023-08-08;107367,59012312384;101416,49744698105;107367,59012312384;99209,0997916405;100969,07933224257
2023-08-09;106824,78005429024;100975,38689269315;106824,78005429024;98792,51428698603;100391,70135738947
2023-08-10;106755,2534236378;101391,07030096465;106755,2534236378;98719,35497789587;100341,67888967092
2023-08-11;106788,1002714009;101654,80540622523;106788,1002714009;99036,12240601673;100100,04493543725
2023-08-14;106454,22808476465;101710,89334129568;106454,22808476465;99676,93878565879;99036,00769837314
2023-08-15;106148,50586454594;101603,62774039766;106148,50586454594;99316,22379462788;98494,23893782817
2023-08-16;105645,12835274986;101383,92829666137;105645,12835274986;98779,62782281042;98003,34048343763
2023-08-17;104985,45310593286;101163,87445195418;104985,45310593286;98325,590760419;97486,15903753396
2023-08-18;105128,02116523062;100712,2195859842;105128,02116523062;98048,38388593883;97848,18604966653
2023-08-21;104968,3870860666;100906,8818067255;104968,3870860666;98425,17098198459;97017,30438247701
2023-08-22;105476,27080333521;100504,36386234852;105476,27080333521;97926,02221475831;98481,52136128953
2023-08-23;106081,0101468033;100294,15274839537;106081,0101468033;97704,32874280663;100159,39362595079
2023-08-24;105377,14959806451;100412,36665594384;105377,14959806451;97361,93017504737;99219,14080052919
2023-08-25;104945,01830480009;100513,15408565577;104945,01830480009;97596,15073780688;98211,060900235
2023-08-28;105468,1724470357;100506,73000963431;105468,1724470357;97937,95907533771;99299,68545194042
2023-08-29;106246,56486117834;100527,92733296962;106246,56486117834;98405,32263066157;100387,46216520993
2023-08-30;106162,1307797909;100987,10884084753;106162,1307797909;98915,012914145;99650,69056440619
2023-08-31;105490,8385464412;100399,00852959669;105490,8385464412;99180,5903987778;98130,51624882377
2023-09-01;106566,40818214335;100415,1153433753;106566,40818214335;99190,5345369122;99954,21672446112
2023-09-04;106328,86540812216;100529,1615260224;106328,86540812216;99264,5121061991;99855,86746589583
2023-09-05;106034,8936072146;100068,85841050738;106034,8936072146;99217,52047965598;99477,73152348102
2023-09-06;105469,87729317938;100487,64786148732;105469,87729317938;99036,21587269235;98336,54098874932
2023-09-08;105134,22632747662;100488,25104129603;105134,22632747662;98969,40544128609;97766,79355981939
2023-09-11;105604,66758471723;100252,40348463324;105604,66758471723;98732,90722427855;99097,8999041944
2023-09-12;106235,60208811691;100285,45758723066;106235,60208811691;98890,30282838362;100017,80460715419
2023-09-13;106077,91377802161;100362,47889288503;106077,91377802161;98553,59994691316;100194,15500182298
2023-09-14;106285,57589306233;100495,60858876698;106285,57589306233;98771,43129023854;101225,1265398867
2023-09-15;105813,2132021167;100162,5726554625;105813,2132021167;98082,59888456657;100687,59697152123
2023-09-18;105576,21203172789;99961,3491356847;105576,21203172789;97822,2818937203;100289,11290664464
2023-09-19;105253,11408580946;99747,28406109443;105253,11408580946;97670,04802610422;99914,36831797345
2023-09-20;105560,172220758;99680,6215522626;105560,172220758;97451,03512620158;100634,18315005905
2023-09-21;104243,23832464743;99572,84167548621;104243,23832464743;96910,73258384893;98472,19513849453
2023-09-22;104149,56439324618;99415,97490325602;104149,56439324618;96832,08231134448;98356,88911121109
2023-09-25;104370,47894635367;99600,91804705362;104370,47894635367;97394,41825022025;98285,67068259483
2023-09-26;102951,82179690621;98686,56402579056;102951,82179690621;96249,12160979681;96817,21451160278
2023-09-27;102716,31229651834;98126,81273355128;102716,31229651834;96491,28443115839;96930,82486201441
2023-09-28;103873,46528828597;98480,07262750767;103873,46528828597;96890,2680297136;98121,19002602877
2023-09-29;104096,8143947792;99075,93803998332;104096,8143947792;97112,65011976009;98828,28728157577
2023-10-02;103301,98540352061;99044,62690100633;103301,98540352061;97327,88133206357;97549,74692022701
2023-10-03;102646,9676557456;98433,96870354675;102646,9676557456;97067,96783868654;96160,98756221027
2023-10-04;102988,77120310819;98606,7147239475;102988,77120310819;97493,18159311305;96320,38118816091
2023-10-05;102761,16373383638;98937,47774686529;102761,16373383638;97663,2139766388;96046,52937336275
2023-10-06;103250,55630475866;99347,79067874489;103250,55630475866;98428,26325870493;96797,71422757693
2023-10-09;104132,452436724;99781,46350803581;104132,452436724;98721,96651671587;97633,68292538186
2023-10-10;104478,23581233485;99528,57820816814;104478,23581233485;98290,0573348488;98974,11549255186
2023-10-11;104679,83073738156;99403,42587440542;104679,83073738156;98431,72751844052;99240,33676142686
2023-10-13;104324,9313155394;99286,55326874672;104324,9313155394;98079,44716866796;98140,69031005463
2023-10-16;104510,92864182475;98951,32914834644;104510,92864182475;98002,5007477768;98802,0042900626
2023-10-17;104122,97842718124;99333,84791426403;104122,97842718124;98128,71109789003;98271,2574291844
2023-10-18;103164,19593326062;98685,1594398522;103164,19593326062;97341,78192431484;96704,45199962705
2023-10-19;103060,95684969123;98000,56784789785;103060,95684969123;96596,89849515974;96656,97304721622
2023-10-20;102549,15466784609;98220,02146316813;102549,15466784609;95863,62773604774;95937,1582151306
2023-10-23;102586,72874447778;98281,31183512002;102586,72874447778;95765,30703468017;95623,45799384477
2023-10-24;102958,00642306368;98089,38443727203;102958,00642306368;95856,83551940542;96451,79614572656
2023-10-25;102312,27445665025;98033,36591159337;102312,27445665025;95235,39521191908;95661,61072346063
2023-10-26;103119,90138576103;98142,94866127746;103119,90138576103;94871,09142868596;97312,35215817284
2023-10-27;102493,87237638052;98048,04879742007;102493,87237638052;94724,61182182477;96060,94262677313
2023-10-30;102286,92536718742;98263,51376057169;102286,92536718742;95476,05303157572;95408,95486956016
2023-10-31;102575,2709147646;97873,91587901773;102575,2709147646;95508,77732534094;95927,83199233563
2023-11-01;103155,38571205588;98130,00230884015;103155,38571205588;95657,0072890965;97546,35556648334
2023-11-03;105125,48433237463;98993,03835975885;105125,48433237463;96917,3324195277;100180,58958684841
2023-11-06;104599,43468575094;98714,56890202643;104599,43468575094;96665,3905643079;100457,83275539022
2023-11-07;105174,78282811941;98874,77892324995;105174,78282811941;96884,54319971628;101119,99457383412
2023-11-08;105230,09696104145;99084,45507052392;105230,09696104145;97213,84391928479;100976,70987816571
2023-11-09;105138,0897509323;99246,68479566042;105138,0897509323;97234,23309243744;100902,94793424175
2023-11-10;105902,57064386913;99282,19668843331;105902,57064386913;97751,98789808372;102279,83755415578
2023-11-13;105931,97985161755;99421,4982532661;105931,97985161755;97851,64782604607;102059,39956081977
2023-11-14;107490,94263407032;99768,38418578626;107490,94263407032;98621,72510808983;104562,21862361916
2023-11-16;108421,84627147975;100093,84963110162;108421,84627147975;99032,04101532049;105620,3209916319
2023-11-17;108833,66616580357;100687,89126404547;108833,66616580357;99717,52068899947;106032,37047148302
2023-11-20;108987,55210130551;100758,96215113833;108987,55210130551;99629,95031264497;106908,18757577562
2023-11-21;108982,82679334424;100513,61413291696;108982,82679334424;99747,55112994976;106494,44241905268
2023-11-22;109095,28338551473;100765,11003022507;109095,28338551473;100201,43367521436;106857,31726962115
2023-11-23;109404,56419796895;100732,29667033309;109404,56419796895;100155,79090268104;107315,9978634472
2023-11-24;108913,98127809547;101018,4605486863;108913,98127809547;100318,87120242241;106439,3329207187
2023-11-27;109175,68809006306;101050,60868648415;109175,68809006306;100160,78795901361;106558,87814018168
2023-11-28;109738,85901009469;101194,07319840876;109738,85901009469;100117,81235731256;107283,78000288272
2023-11-29;109755,07561431361;101165,87840667635;109755,07561431361;100335,28941856459;106913,27460639109
2023-11-30;110621,91211884143;101431,00049561627;110621,91211884143;100931,85248122783;107956,1158825575
2023-12-01;111255,01504486082;101485,25692896351;111255,01504486082;100873,87593419802;108610,6471550782
2023-12-04;110570,84812323195;101627,91963476369;110570,84812323195;101181,87350700126;107508,45718839826
2023-12-05;110605,73861041722;101504,63304558808;110605,73861041722;100932,77587760873;107593,24103198903
2023-12-06;109893,4931656704;101623,54488944312;109893,4931656704;100540,60707994696;106508,00783402724
2023-12-07;110425,17518490751;101548,6750613938;110425,17518490751;100853,69263596303;106836,12130872351
2023-12-08;110870,4847587443;101728,95249068546;110870,4847587443;101419,99587434503;107755,17817324742
2023-12-11;110596,30271764126;101873,77240221923;110596,30271764126;101716,34270671327;107604,26293165586
2023-12-12;110869,96925190024;102290,66662335675;110869,96925190024;102333,83964602783;107169,32181403524
2023-12-13;112726,5770046092;102638,95712031676;112726,5770046092;102913,70836124827;109765,40310478449
2023-12-14;113471,25648330768;103196,28680057966;113471,25648330768;103361,79530575665;110932,87663102933
2023-12-15;113153,59276320861;103316,43148578738;113153,59276320861;103643,11967872766;110386,0208398689
2023-12-18;113382,95744170078;103470,41935008034;113382,95744170078;103569,86861439998;111138,053532519
2023-12-19;113746,89875107327;103609,54016939692;113746,89875107327;103586,89252114107;111788,34561286017
2023-12-20;113286,70401273486;103754,14412387619;113286,70401273486;103407,49845347986;110900,65877046484
2023-12-21;114023,64714880692;103832,4033432916;114023,64714880692;103652,00404730815;112068,9801351456
2023-12-22;114241,54866192577;104104,56525314265;114241,54866192577;103729,06708190247;112553,09588204884
2023-12-26;114540,42159803055;104192,52929512935;114540,42159803055;103805,22426894995;113214,4098620568
2023-12-27;114961,12244826547;104214,21949569808;114961,12244826547;103868,01442239403;113774,83106819175
2023-12-28;114951,32379387735;104376,99585180034;114951,32379387735;104198,03349034679;113767,20052226858
2024-01-02;114251,71718161325;104512,70936938752;114251,71718161325;104405,84064788093;112505,61692963798
2024-01-03;114060,23362850724;104357,800016651;114060,23362850724;104019,53916729402;112621,77079535734
2024-01-04;113008,72036330421;104223,55275206955;113008,72036330421;103460,81302646377;111258,44659041784
2024-01-05;113238,80481778506;104024,14365714283;113238,80481778506;103258,61070224739;111934,17382383623
2024-01-08;113671,35814042992;104083,52287688886;113671,35814042992;103854,02513826644;112276,70055194292
2024-01-09;113538,58875997803;103958,58512851993;113538,58875997803;104028,75238032127;111445,81888475342
2024-01-10;113167,60616872931;103850,66272217456;113167,60616872931;104009,75533928072;110932,02879259338
2024-01-11;112986,91984188124;104007,59148770469;112986,91984188124;103888,03048585038;110769,24381289912
2024-01-12;113269,47902496198;104103,0413979335;113269,47902496198;103839,99525436752;111056,66104267183
2024-01-15;113767,2626790751;104131,4020709451;113767,2626790751;104008,6313956346;111508,55892901061
2024-01-16;112558,54976284174;103854,8333412357;112558,54976284174;104086,03252565622;109620,42273224429
2024-01-17;111912,90072604662;103719,72536759912;111912,90072604662;103733,96009814875;108967,58713659538
2024-01-18;111799,9709807908;103899,62148387771;111799,9709807908;104108,87797797096;107943,39830601893
2024-01-19;112290,61682394816;103882,20601876527;112290,61682394816;104687,85912051704;108214,70660550937
2024-01-22;112172,43471031182;104138,96672973661;112172,43471031182;105399,32219942972;107338,04166278087
2024-01-23;112798,36996593892;104351,63699086313;112798,36996593892;105488,3002721478;108746,30130482347
2024-01-24;112309,20407267277;104464,76253846122;112309,20407267277;105310,26344726997;108367,31752397276
2024-01-25;112641,21067265166;104489,95300255386;112641,21067265166;105482,9762227942;108666,60449184815
2024-01-26;112941,78622249422;104481,13074853003;112941,78622249422;105495,91589314176;109343,17956370245
2024-01-29;113022,59400294696;104511,99031442768;113022,59400294696;106105,49210250733;108949,78252944129
2024-01-30;112513,63009583445;104713,99968479892;112513,63009583445;106059,40277942696;108016,31241150698
2024-01-31;112724,16632654761;104566,11245282587;112724,16632654761;105425,26932555932;108313,05586407467
2024-02-01;112996,96093023517;104676,89335460858;112996,96093023517;105668,24573024218;108931,13008385134
2024-02-02;112833,63350860414;105006,23220020048;112833,63350860414;106688,84731386535;107829,78795560729
2024-02-05;112726,83711395455;105123,56108996288;112726,83711395455;106845,19878740987;108178,24955276534
2024-02-06;113759,0549775511;104830,50589793413;113759,0549775511;106795,21054343942;110571,69745733264
2024-02-07;113928,00699202575;105054,82304433844;113928,00699202575;107283,0934815134;109886,64400111925
2024-02-08;113302,36394040268;105132,95130263858;113302,36394040268;107520,43094515603;108707,30073677171
2024-02-09;112943,23808899386;105405,79460531734;112943,23808899386;107476,62375743578;108545,36359551335
2024-02-14;112213,70577015805;105536,46797592462;112213,70577015805;107402,04757464105;107690,74245211843
2024-02-15;112898,02572347486;105733,67462118944;112898,02572347486;107874,76109005144;108357,14346274183
2024-02-16;113264,84812499088;105500,88027616737;113264,84812499088;107609,5244096992;109138,85050064868
2024-02-19;113387,76145383698;105630,21823735807;113387,76145383698;107747,85373276062;109401,68041578007
2024-02-20;113598,99342677384;105416,62752474706;113598,99342677384;106969,92146040803;110147,77823937881
2024-02-21;113639,1747597409;105573,3413902175;113639,1747597409;107307,98546703211;110246,1274979441
2024-02-22;114451,10309329747;106128,18427391551;114451,10309329747;108679,27587850306;110423,32573104878
2024-02-23;114452,59773993668;106072,53891303757;114452,59773993668;108918,94229501318;109726,4025367327
2024-02-26;114082,79551627944;105811,51645141734;114082,79551627944;108507,59362654791;109887,49183955515
2024-02-27;114983,8493739978;105740,44398240394;114983,8493739978;108250,6856973335;111650,99578624309
2024-02-28;114487,76803534379;105851,00139349142;114487,76803534379;108479,41746922057;110350,41162556077
2024-02-29;114389,42884944232;105964,21935029603;114389,42884944232;108652,1642891537;109388,11500080558
2024-03-01;115002,93940663376;106189,61008253817;115002,93940663376;109042,58914328995;109523,7691505508
2024-03-04;114728,49807938904;106083,347379911;114728,49807938904;108877,97539110377;108812,43270282428
2024-03-05;114696,60434706477;105537,25752588043;114696,60434706477;108192,9309409916;108606,40796289874
2024-03-06;115287,62483352982;106138,63662577349;115287,62483352982;108643,74168597044;109277,8960041376
2024-03-07;115232,78914189586;106288,04626678643;115232,78914189586;109041,2750504738;108811,5848643884
2024-03-08;115344,03454822865;106452,39567910801;115344,03454822865;109201,32615743736;107735,67788922158
2024-03-11;114786,39934485218;106066,15682615204;114786,39934485218;108852,69668498838;106932,77489041704
2024-03-12;115524,79077004331;106337,59950004535;115524,79077004331;109590,98569306871;108241,83743545845
2024-03-13;115929,03147771217;106540,27714508808;115929,03147771217;109626,06259761774;108528,40682679524
2024-03-14;115651,99235907156;106181,66374148522;115651,99235907156;109436,04035614726;108260,48988104842
2024-03-15;115035,96557107271;106250,64874084768;115035,96557107271;109179,27310144166;107456,73904380797
2024-03-18;115454,23317883446;106271,40468285356;115454,23317883446;109798,78052394022;107636,48079222039
2024-03-19;115898,5885546715;106469,35767469314;115898,5885546715;110192,84877526296;108123,98789286728
2024-03-20;116875,62301866623;106701,85963607066;116875,62301866623;110308,87735572667;109477,13803657591
2024-03-21;116410,36282923266;106517,2245924687;116410,36282923266;110226,19133250942;108658,12610748911
2024-03-22;115828,81971669836;106542,47229084272;115828,81971669836;110370,17243680792;107698,37299804164
2024-03-25;115502,65964029552;106232,36477144039;115502,65964029552;109841,32215181577;107616,98050819451
2024-03-26;115566,84131823505;106422,94429118771;115566,84131823505;109882,62561599148;107559,3274945528
2024-03-27;116490,54621338294;106776,2001440256;116490,54621338294;110558,89230876313;108261,33771948432
2024-03-28;117128,93764038282;106868,65217516935;117128,93764038282;110959,082110737;108613,190670386
2024-04-01;117088,94473875882;106961,93837630251;117088,94473875882;111272,34113821034;107667,00297591306
2024-04-02;117304,32839036801;106929,35992776987;117304,32839036801;110984,22096827305;108140,94466158544
2024-04-03;117078,53974329964;106951,13155208854;117078,53974329964;110856,20918732061;107945,09398289076
2024-04-04;117040,46168569801;106545,2156420107;117040,46168569801;110184,84990274461;108038,35621084059
2024-04-05;117292,03054249573;106752,32935056214;117292,03054249573;110859,97752273786;107501,67448091104
2024-04-08;118253,16199531537;106660,53675461787;118253,16199531537;110699,3121091283;109249,91733575262
2024-04-09;118748,93523417339;106634,50416197271;118748,93523417339;110626,41957642006;110125,73444004523
2024-04-10;117716,42554198144;106341,88535930184;117716,42554198144;110471,5301778564;108569,10307171877
2024-04-11;118060,2599778336;106598,35503129517;118060,2599778336;111079,12746246612;108011,22538089151
2024-04-12;116797,25707842998;106166,28740838538;116797,25707842998;110419,97174660007;106781,85964882543
2024-04-15;116810,19456490177;105775,34457328047;116810,19456490177;110105,56462871282;106262,98252604995
2024-04-16;116998,1288833404;106141,46361312087;116998,1288833404;110925,25059388326;105461,77520411722
2024-04-17;116398,46402955508;105913,02229090138;116398,46402955508;110241,87561112622;105276,94642508934
2024-04-18;116272,0749274441;105959,8225016947;116272,0749274441;110247,07787773124;105298,14238598703
2024-04-19;116544,78239709554;105712,79419295167;116544,78239709554;109350,76954815745;106084,93645450931
2024-04-22;116158,65031032669;105736,09156771465;116158,65031032669;109585,26561960291;106465,61591223185
2024-04-23;115923,95073011823;105811,16663730644;115923,95073011823;109823,98842656432;106105,28457697108
2024-04-24;115576,18468864831;105431,81328679086;115576,18468864831;109606,44384231066;105760,21433355667
2024-04-25;115661,96968855265;105633,61708507733;115661,96968855265;109828,19461083881;105679,66968214544
2024-04-26;116642,37685197558;105809,2073170986;116642,37685197558;109947,73835098479;107273,60594165185
2024-04-29;117122,26473757032;105884,54759456012;117122,26473757032;110240,42162810206;107973,92048971157
2024-04-30;116108,63075789875;105630,43763839564;116108,63075789875;110012,59615067721;106763,20720323545
2024-05-02;116339,16951648191;105594,88243445843;116339,16951648191;109583,4772514469;107778,91764945282
2024-05-03;117245,88505267352;105604,30079474415;117245,88505267352;109929,11430488789;108954,86956005673
2024-05-06;117268,94247504276;105828,36020932642;117268,94247504276;110465,95770980397;108918,4125073127
2024-05-07;117511,70801868182;105793,68905217006;117511,70801868182;110528,4586086761;109549,204303628
2024-05-08;117911,92390295812;106099,40914511442;117911,92390295812;110903,55794869328;109778,96851975899
2024-05-09;117881,17987382601;106426,23729709438;117881,17987382601;111773,2050824433;108682,71342213039
2024-05-10;117960,40104354167;106965,8949668448;117960,40104354167;112181,04293803274;108184,1844218167
2024-05-13;117861,97462785486;106620,15801324976;117861,97462785486;112005,74611324415;108654,73475374545
2024-05-14;118067,10478642222;106757,76772353308;118067,10478642222;112126,77970379284;108959,95659067221
2024-05-15;118593,52624883191;106944,9729841513;118593,52624883191;112798,00643104732;108547,05927238519
2024-05-16;118613,04078069545;107321,24526922537;118613,04078069545;112923,16968242628;108764,10591197753
2024-05-17;118637,80154700641;107216,24214434829;118637,80154700641;112617,14337261635;108651,34340000182
2024-05-20;118714,40676640623;107207,42270429687;118714,40676640623;112684,78191481177;108312,20802563877
2024-05-21;118573,51000322393;107304,97126661803;118573,51000322393;112917,12513139212;108024,7907958661
2024-05-22;117510,48902097034;107124,72398982395;117510,48902097034;112934,17297563965;106530,89947179679
2024-05-23;116659,57731003445;107297,73030823375;116659,57731003445;112568,36600077913;105750,04027232584
2024-05-24;116668,0202096817;107444,23273340543;116668,0202096817;112971,84544037175;105391,4046139369
2024-05-27;117187,03752079522;107615,10302674382;117187,03752079522;113327,90113654143;105552,49391675934
2024-05-28;116573,11342467673;107412,54019620329;116573,11342467673;112937,32284658308;104945,44159664944
2024-05-29;115960,49135463838;106911,57555259102;115960,49135463838;112731,14549778019;104035,71095492052
2024-05-31;116146,79285378083;107639,30257093122;116146,79285378083;113505,31586594197;103519,37734745278
2024-06-03;116265,84105239187;107725,28679697188;116265,84105239187;113494,70382687953;103463,42001068286
2024-06-04;116194,98545834477;107833,89697291795;116194,98545834477;114047,26767311544;103268,4171704241
2024-06-05;116495,9276612806;107983,27249099057;116495,9276612806;114780,85565701056;102933,52098824058
2024-06-06;117206,47849035315;107989,66911713032;117206,47849035315;114486,52600501206;104198,49593461481
2024-06-07;115669,29883064484;107383,3589988212;115669,29883064484;114626,17877444201;102390,90438925968
2024-06-10;116086,29791015908;107987,6706300934;116086,29791015908;115418,30150336203;102384,96952020832
2024-06-11;116619,03181576624;107892,81406371492;116619,03181576624;115509,76062068468;103126,82815162753
2024-06-12;116286,31248233038;107817,47463427307;116286,31248233038;116190,88425527744;101686,35064902043
2024-06-13;115643,7885095538;107858,17591629943;115643,7885095538;115975,88085050014;101374,3461046064
2024-06-14;115970,19708491213;107989,26483671655;115970,19708491213;116155,3548754367;101454,04291758173
2024-06-17;116104,79498865435;108379,03239585605;116104,79498865435;117043,91713153555;101009,77557716613
2024-06-18;116576,24900130834;108559,475087546;116576,24900130834;117456,961329562;101426,9120876327
2024-06-19;116904,41299583977;108398,59705143265;116904,41299583977;117551,7336758004;101961,89814069043
2024-06-20;117449,59057591618;108767,39440949199;117449,59057591618;117767,48597144008;102118,74825133334
2024-06-21;117381,60940401153;108796,35956055844;117381,60940401153;117573,38130377217;102877,5636514707
2024-06-24;117945,59982674517;109122,85367570694;117945,59982674517;117256,33899315234;103976,36226440701
2024-06-25;118113,84045845048;108933,67582574213;118113,84045845048;117909,12371831104;103716,92370301926
2024-06-26;118519,4927246229;109015,12485653858;118519,4927246229;118610,86850101668;103979,75361815061
2024-06-27;119566,33773666319;108956,6283543454;119566,33773666319;118734,54950964902;105393,10029080867
2024-06-28;119634,52152348132;108873,37002098355;119634,52152348132;119209,59742998022;105053,11707800969
2024-07-01;120286,69219342934;108498,38602932822;120286,69219342934;119840,33766752724;105740,71404953078
2024-07-02;120596,78691834146;108626,6538628748;120596,78691834146;120240,59211945413;105799,21490160841
2024-07-03;121061,93866123575;109088,50598910477;121061,93866123575;119819,60163820299;106541,07353302762
2024-07-04;121196,82617657262;109266,2465046655;121196,82617657262;119321,58273236829;106966,68842785327
2024-07-05;121503,41463283598;109254,91523016209;121503,41463283598;119416,98940658367;107054,01578675176
2024-07-08;121333,68939132975;109185,35829060372;121333,68939132975;119572,94951214665;107292,25838724182
2024-07-09;121439,21128584864;109187,09351432411;121439,21128584864;119095,62674777964;107767,0479113501
2024-07-10;121723,61065474384;109778,40461840494;121723,61065474384;119925,90348854731;107860,31013929994
2024-07-11;122787,59638091987;110440,74585754334;122787,59638091987;120200,13253364625;108772,58429633659
2024-07-12;123015,31776937733;110584,60735683507;123015,31776937733;120533,29313144147;109283,8308731889
2024-07-15;123510,4914492371;110585,27127660248;123510,4914492371;120815,82587442921;109643,31437001373
2024-07-16;123879,19502399807;110734,847675256;123879,19502399807;121078,84856264731;109464,42046003722
2024-07-17;123972,1106397623;110540,85045814507;123972,1106397623;120793,86512584038;109752,68552824581
2024-07-18;123214,8090310792;110449,46598066825;123214,8090310792;121153,87910594346;108228,27202048386
2024-07-19;122954,54378712407;110429,62349460823;122954,54378712407;120966,0473714408;108197,7498367912
2024-07-22;123201,89156073278;110425,39938254135;123201,89156073278;121203,80040519666;108404,62241515267
2024-07-23;122488,60116113062;110255,91653206268;122488,60116113062;121047,56215390033;107327,86760154995
2024-07-24;122137,15629255345;109672,90075011554;122137,15629255345;120288,47153090249;107186,27858275338
2024-07-25;121509,99367999859;109815,7339629784;121509,99367999859;119929,99675047054;106788,64235631269
2024-07-26;122761,30609906845;110302,81150775921;122761,30609906845;120928,24518795397;108092,61787073867
2024-07-29;121996,03679105343;110290,00851547217;121996,03679105343;120624,15903391017;107636,48079222036
2024-07-30;121770,021618488;110322,50600336703;121770,021618488;120167,69457727388;106945,49246695562
2024-07-31;123456,53440577936;110800,62268409792;123456,53440577936;121786,49643055086;108228,27202048391
2024-08-01;123619,1491839112;111401,72229870514;123619,1491839112;122051,81257195902;108010,37754245564
2024-08-02;123203,92883891112;112707,8014154514;123203,92883891112;121447,01995755458;106703,85851272196
2024-08-05;121814,23272275424;111259,72343687805;121814,23272275424;119459,60398723854;106208,72086615187
2024-08-06;121698,28814258915;111032,19006758866;121698,28814258915;119069,33322421458;107054,01578675183
2024-08-07;122214,5888857127;110768,83645077572;122214,5888857127;118430,56584483078;108111,27031632868
2024-08-08;123300,71550526794;111077,376728161;123300,71550526794;119454,11786410505;109083,74100231477
2024-08-09;124166,39940140421;111648,68170733801;124166,39940140421;119467,81228358316;110740,41730607834
2024-08-12;124491,60504339165;111359,81668030501;124491,60504339165;119295,5677635258;111165,18436246808
2024-08-13;124912,6413292209;111960,07900340766;124912,6413292209;120076,00479591714;112252,11323730169
2024-08-14;125124,43542068769;112000,54571415915;125124,43542068769;120569,63520602831;113032,12459833674
2024-08-15;126129,65708753724;112221,73607592152;126129,65708753724;121738,0171974334;113740,06969231962
2024-08-16;126108,37332920115;112138,2050071745;126108,37332920115;121612,15161340819;113570,5020051381
2024-08-19;126944,77548911568;112049,61971827058;126944,77548911568;121649,25799643264;115117,80715066957
2024-08-20;127606,60885375431;112156,84629493617;127606,60885375431;122373,0609489046;115379,78922736505
2024-08-21;127574,35612452147;111575,06493059879;127574,35612452147;122257,29656779692;115699,42431770224
2024-08-22;127031,68895090831;111702,59488440026;127031,68895090831;122851,01947316604;114604,86489694545
2024-08-23;127476,43114582697;111922,60132706056;127476,43114582697;122564,84194089685;114973,67461656529
2024-08-26;128063,5237296355;112007,1784605909;128063,5237296355;122639,1894316453;116059,75565296301
2024-08-27;127944,7238304596;111823,19714476845;127944,7238304596;122786,47863657586;115963,94990970545
2024-08-28;128180,00019104073;112080,04245805052;128180,00019104073;123122,47944509472;116445,522141301
2024-08-29;128048,21883153255;111879,17415770114;128048,21883153255;123607,61933212409;115340,78865931332
2024-08-30;128358,65889790427;112742,92900438343;128358,65889790427;124651,04032021895;115309,41863718473
2024-09-02;127935,03547304226;112622,31456847106;127935,03547304226;124422,31051083919;114442,07991725122
2024-09-03;126811,52069521046;111223,4033338344;126811,52069521046;122622,38246989882;113909,63737950122
2024-09-04;127845,5190485362;111553,32077432779;127845,5190485362;122818,26396153284;115400,13734982687
2024-09-05;127512,83982484583;111305,66308267256;127512,83982484583;122025,591139716;115731,64217826675
2024-09-06;126239,75475390289;111256,1143718483;126239,75475390289;121168,23285078045;114095,31399696498
2024-09-09;126440,96824362455;111648,98582627409;126440,96824362455;121777,27437868947;114235,20733888973
2024-09-10;126892,92258019486;111774,82345148691;126892,92258019486;122728,07126063;113881,65871111624
2024-09-11;127321,78523941603;111860,88747922148;127321,78523941603;123301,65647604658;114184,33703273527
2024-09-12;127189,92939853446;111341,44306596903;127189,92939853446;123136,10753230624;113634,93772626712
2024-09-13;128005,6471220654;112324,70809832777;128005,6471220654;123570,04265424162;114358,14391209635
2024-09-16;127647,56905004656;111558,30334811388;127647,56905004656;122722,13726208822;114558,23378297056
2024-09-17;127234,24650117663;111438,55758293564;127234,24650117663;122403,940897113;114424,27531009716
2024-09-18;126108,79057123119;110854,3287498063;126108,79057123119;121533,84510918087;113396,69512577709
2024-09-19;125982,81575322628;111106,64750600638;125982,81575322628;122207,45081196193;112866,79610333478
2024-09-20;125651,95328740556;110611,3857274701;125651,95328740556;122641,69994964596;111121,94460223684
2024-09-23;125653,96773146876;110847,92259106635;125653,96773146876;122965,40199532591;110700,56889959073
2024-09-24;126481,70854770923;111476,03331131986;126481,70854770923;122936,65288708774;112046,93633581209
2024-09-25;126062,18687937461;111796,75381984455;126062,18687937461;122987,6166191963;111563,6684273447
2024-09-26;126397,23878059101;111081,42057522474;126397,23878059101;122619,32332022373;112770,99036007721
2024-09-27;126190,2763484421;111018,53090973935;126190,2763484421;122391,76210267577;112533,59559802308
2024-09-30;125727,49946455355;110989,88278977854;125727,49946455355;122511,39800364026;111758,67126760348
2024-10-01;126027,32909469299;111214,79435845619;126027,32909469299;122509,14559573552;112334,35356558478
2024-10-02;126550,91782873528;111012,4909266902;126550,91782873528;122366,7720046495;113199,1487702106
2024-10-03;125954,1823825149;111142,72981165504;125954,1823825149;122440,6331363372;111636,58253283279
2024-10-04;125976,5946755407;111136,40476345089;125976,5946755407;122657,3540020997;111738,3231451417
2024-10-07;125911,91871540254;111178,5903935914;125911,91871540254;122568,31750798982;111929,93463165681
2024-10-08;126267,37197267693;111799,89582113257;126267,37197267693;123577,25230183943;111500,92838308754
2024-10-09;125796,71946276783;111790,36685035357;125796,71946276783;124217,2313406698;110186,77880743066
2024-10-10;126020,38511213183;111992,82058838605;126020,38511213183;124257,43217512718;110518,28363587055
2024-10-11;126592,11406524898;112535,70986046939;126592,11406524898;125082,86747900632;110212,21396050788
2024-10-14;127073,37223108126;112591,67250725799;127073,37223108126;125320,32231424186;111071,07429608234
2024-10-15;127417,48032524563;112850,99471846323;127417,48032524563;125782,85938862654;111103,29215664683
2024-10-16;127893,00890628563;112895,5704866187;127893,00890628563;126132,76367336993;111702,71393083353
2024-10-17;127706,28411033207;112853,87206249179;127706,28411033207;126015,16008893117;110891,3325476699
2024-10-18;128026,32410240237;113311,07099492676;128026,32410240237;126750,8770814734;110642,06804751304
2024-10-21;128081,59733198234;113757,32967639866;128081,59733198234;126851,81984711936;110525,91418179369
2024-10-22;127871,89582105078;113278,66412865184;127871,89582105078;126638,94419476183;109982,44974437688
2024-10-23;127150,8124480524;112704,4839779946;127150,8124480524;125702,05686418133;109568,70458765393
2024-10-24;127694,80788789674;113103,35280608236;127694,80788789674;125884,58663132918;110275,80184320091
2024-10-25;127688,65268152021;113238,21535120545;127688,65268152021;126313,35346337153;110128,27795535298
2024-10-28;128501,78204751559;113371,80203900668;128501,78204751559;126696,79507868682;111247,42469075108
2024-10-29;128738,95424562908;113661,07668274078;128738,95424562908;127459,10905674456;110837,9187262077
2024-10-30;129078,07681579623;113798,71732574284;129078,07681579623;127318,32832999871;110760,7654285401
2024-10-31;128012,2924004199;113174,6897294447;128012,2924004199;126213,77597226507;109975,66703688962
2024-11-01;127573,71511165464;113617,04920338928;127573,71511165464;127106,25455362292;108625,90824692464
2024-11-04;128651,1322100269;113534,68701780542;128651,1322100269;126559,54804428824;110655,63346248757
2024-11-05;128726,71137514117;113727,2744211328;128726,71137514117;126848,33948597622;110779,41787413009
2024-11-06;127981,26244266478;113239,51702401815;127981,26244266478;126909,12159709532;110508,10957463963
2024-11-07;128310,69310944101;114263,0808442576;128310,69310944101;128047,47829609404;109949,38404537649
2024-11-08;127635,90090316384;114448,09790066139;127635,90090316384;128466,26888836722;108379,18726207549
2024-11-11;127610,78874242882;114331,95726334085;127610,78874242882;128496,05050643177;108416,49215325541
2024-11-12;127088,92212002707;113846,60886897043;127088,92212002707;128006,00500262373;108267,27258853568
2024-11-13;127281,37595672422;113691,05932202592;127281,37595672422;128355,40958604767;108297,79477222836
2024-11-14;126919,77482401625;113571,3053006253;126919,77482401625;127922,56247672184;108346,969401511
2024-11-18;126711,16504902576;113258,27333733876;126711,16504902576;127068,33941119169;108326,62127904921
2024-11-19;127559,75708602554;113852,99196823362;127559,75708602554;127852,76198820042;108690,3439680536
2024-11-21;127604,20408358697;114844,07862515011;127604,20408358697;128900,8241888527;107609,34996227134
2024-11-22;129114,60209630735;115084,4892320975;129114,60209630735;129458,63445876406;109477,9858750118
2024-11-25;128724,70391816608;114659,42347372847;128724,70391816608;129235,37428160632;109401,68041578011
2024-11-26;129556,79485315333;114831,55417988771;129556,79485315333;129736,77422515782;110152,86526999428
2024-11-27;128639,04937400819;114974,76214447999;128639,04937400819;130398,76116002275;108242,68527389434
2024-11-28;127081,31612761828;115012,52787560363;127081,31612761828;130664,99015632611;105649,14749845282
2024-11-29;128366,81171711948;116431,93806166924;128366,81171711948;131684,2387775635;106546,16056364312
2024-12-02;128236,35910375908;115968,27609958619;128236,35910375908;132215,55642427856;106179,89435933101
2024-12-03;128421,8157272199;115686,14680113037;128421,8157272199;132040,33620736998;106945,49246695563
2024-12-04;128573,79491128771;116003,43651539192;128573,79491128771;132475,44945942768;106901,40486828843
2024-12-05;129133,30205283848;115709,34755642363;129133,30205283848;132137,76084719054;108402,92673828088
2024-12-06;128341,73901613527;115669,82649818364;128341,73901613527;132565,33221607815;106781,85964882546
2024-12-09;128883,54185804004;115768,52271668555;128883,54185804004;132604,90220449035;107853,52743181273
2024-12-10;129718,62064055308;116417,37737927987;129718,62064055308;132765,72759458626;108716,62695956673
2024-12-11;130884,16847832176;116429,66097187663;130884,16847832176;132538,27726780906;109873,92642458067
2024-12-12;128540,32830907652;115988,60353830773;128540,32830907652;131893,61579495535;106863,25213867259
2024-12-13;127733,96677507598;115500,96274894972;127733,96677507598;131860,8723084672;105650,84317532463
2024-12-16;127651,58151629315;115504,06373955455;127651,58151629315;132591,68407745313;104758,91714074979
2024-12-17;127628,92347167045;114863,28015320998;127628,92347167045;131918,3193456;105723,75728081269
2024-12-18;125487,9735314506;114462,72259804902;125487,9735314506;131242,99714310883;102395,14358143925
2024-12-19;124981,58049241551;114368,52031644943;124981,58049241551;129973,17615850692;102747,84437077682
2024-12-20;125829,12057416893;114559,06649506412;125829,12057416893;130310,56232070643;103522,76870119642
2024-12-23;125290,73838351207;114851,23587594464;125290,73838351207;131521,2289667898;102390,90438925971
2024-12-26;125686,08077052141;115273,80288228866;125686,08077052141;132243,44014907294;102654,58214282698
2024-12-27;125138,48622817083;114842,12876014251;125138,48622817083;131401,97964752815;101968,6808481777
2024-12-30;124683,87426310612;113947,9728457473;124683,87426310612;130297,02173972184;101980,5505862804
